,dates,prices
0,"July 24, 2020","$1,410"
1,"July 24, 2020","$1,799"
2,"July 23, 2020","$1,714"
3,"July 23, 2020","$1,653"
4,"July 23, 2020","$1,450"
5,"July 23, 2020","$1,399"
6,"July 22, 2020","$1,700"
7,"July 22, 2020","$1,650"
8,"July 21, 2020","$1,601"
9,"July 21, 2020","$1,851"
10,"July 21, 2020","$1,500"
11,"July 20, 2020","$1,701"
12,"July 20, 2020","$1,719"
13,"July 20, 2020","$1,637"
14,"July 20, 2020","$1,650"
15,"July 20, 2020","$1,866"
16,"July 20, 2020","$1,701"
17,"July 19, 2020","$1,670"
18,"July 19, 2020","$1,495"
19,"July 19, 2020","$1,000"
20,"July 19, 2020","$2,172"
21,"July 19, 2020","$1,650"
22,"July 18, 2020","$1,301"
23,"July 18, 2020","$1,600"
24,"July 17, 2020","$1,827"
25,"July 17, 2020","$1,351"
26,"July 17, 2020","$1,250"
27,"July 17, 2020","$1,400"
28,"July 16, 2020","$1,555"
29,"July 16, 2020","$1,522"
30,"July 19, 2020","$2,172"
31,"July 19, 2020","$1,650"
32,"July 18, 2020","$1,301"
33,"July 18, 2020","$1,600"
34,"July 17, 2020","$1,827"
35,"July 17, 2020","$1,351"
36,"July 17, 2020","$1,250"
37,"July 17, 2020","$1,400"
38,"July 16, 2020","$1,555"
39,"July 16, 2020","$1,522"
40,"July 15, 2020","$1,450"
41,"July 14, 2020","$1,150"
42,"July 14, 2020","$1,510"
43,"July 14, 2020","$1,599"
44,"July 14, 2020","$1,742"
45,"July 14, 2020","$1,670"
46,"July 13, 2020","$1,481"
47,"July 13, 2020","$1,593"
48,"July 11, 2020","$1,616"
49,"July 11, 2020","$1,349"
50,"July 11, 2020","$1,300"
51,"July 10, 2020","$1,475"
52,"July 10, 2020","$1,267"
53,"July 9, 2020","$1,719"
54,"July 9, 2020","$1,772"
55,"July 9, 2020","$1,729"
56,"July 9, 2020","$1,450"
57,"July 8, 2020","$1,400"
58,"July 8, 2020","$1,378"
59,"July 8, 2020","$1,607"
60,"July 7, 2020","$1,490"
61,"July 6, 2020","$1,775"
62,"July 6, 2020","$1,800"
63,"July 6, 2020","$1,600"
64,"July 4, 2020","$1,765"
65,"July 4, 2020","$1,599"
66,"July 4, 2020","$1,290"
67,"July 3, 2020","$1,641"
68,"July 3, 2020","$1,609"
69,"July 3, 2020","$1,805"
70,"July 7, 2020","$1,490"
71,"July 6, 2020","$1,775"
72,"July 6, 2020","$1,800"
73,"July 6, 2020","$1,600"
74,"July 4, 2020","$1,765"
75,"July 4, 2020","$1,599"
76,"July 4, 2020","$1,290"
77,"July 3, 2020","$1,641"
78,"July 3, 2020","$1,609"
79,"July 3, 2020","$1,805"
80,"July 2, 2020","$1,540"
81,"July 1, 2020","$1,450"
82,"July 1, 2020","$1,965"
83,"July 1, 2020","$1,649"
84,"June 30, 2020","$1,697"
85,"June 30, 2020","$1,300"
86,"June 29, 2020","$1,400"
87,"June 29, 2020","$1,700"
88,"June 29, 2020","$1,500"
89,"June 29, 2020","$1,636"
90,"June 28, 2020","$1,601"
91,"June 27, 2020","$1,590"
92,"June 26, 2020","$1,260"
93,"June 25, 2020","$1,700"
94,"June 25, 2020","$1,001"
95,"June 25, 2020","$1,501"
96,"June 25, 2020","$1,633"
97,"June 24, 2020","$1,501"
98,"June 23, 2020","$1,600"
99,"June 23, 2020","$1,742"
100,"June 22, 2020","$1,799"
101,"June 22, 2020","$1,300"
102,"June 22, 2020","$1,626"
103,"June 21, 2020","$1,573"
104,"June 21, 2020","$1,362"
105,"June 21, 2020","$1,470"
106,"June 20, 2020","$1,526"
107,"June 20, 2020","$1,550"
108,"June 19, 2020","$1,768"
109,"June 18, 2020","$1,599"
110,"June 18, 2020","$1,486"
111,"June 18, 2020","$1,600"
112,"June 17, 2020","$1,220"
113,"June 17, 2020","$1,549"
114,"June 17, 2020","$1,500"
115,"June 16, 2020","$1,501"
116,"June 15, 2020","$1,600"
117,"June 15, 2020","$1,175"
118,"June 15, 2020","$1,699"
119,"June 14, 2020","$1,415"
120,"June 14, 2020","$1,555"
121,"June 14, 2020","$1,455"
122,"June 14, 2020","$1,225"
123,"June 13, 2020","$1,300"
124,"June 13, 2020","$1,849"
125,"June 13, 2020","$1,650"
126,"June 13, 2020","$1,100"
127,"June 12, 2020","$1,335"
128,"June 12, 2020","$1,601"
129,"June 11, 2020","$1,005"
130,"June 11, 2020","$1,765"
131,"June 11, 2020","$1,776"
132,"June 11, 2020","$1,200"
133,"June 11, 2020","$1,245"
134,"June 10, 2020","$1,200"
135,"June 9, 2020","$1,190"
136,"June 9, 2020","$1,600"
137,"June 9, 2020","$1,639"
138,"June 8, 2020","$1,575"
139,"June 8, 2020","$1,270"
140,"June 8, 2020","$1,240"
141,"June 7, 2020","$1,450"
142,"June 7, 2020","$1,400"
143,"June 7, 2020","$1,700"
144,"June 6, 2020","$1,795"
145,"June 6, 2020","$1,630"
146,"June 6, 2020","$1,649"
147,"June 6, 2020","$1,150"
148,"June 5, 2020","$1,949"
149,"June 5, 2020","$1,850"
150,"June 4, 2020","$1,600"
151,"June 4, 2020","$1,500"
152,"June 2, 2020","$1,602"
153,"June 2, 2020","$1,450"
154,"June 2, 2020","$1,635"
155,"June 2, 2020","$1,420"
156,"June 1, 2020","$1,599"
157,"May 31, 2020","$1,500"
158,"May 31, 2020","$1,700"
159,"May 30, 2020","$1,999"
160,"May 29, 2020","$1,601"
161,"May 29, 2020","$1,435"
162,"May 28, 2020","$1,435"
163,"May 28, 2020","$1,601"
164,"May 28, 2020","$1,895"
165,"May 28, 2020","$1,200"
166,"May 27, 2020","$1,345"
167,"May 27, 2020","$1,605"
168,"May 26, 2020","$1,500"
169,"May 26, 2020","$1,590"
170,"May 25, 2020","$1,600"
171,"May 24, 2020","$1,795"
172,"May 23, 2020","$1,650"
173,"May 23, 2020","$1,699"
174,"May 23, 2020","$1,693"
175,"May 23, 2020","$1,450"
176,"May 23, 2020","$1,377"
177,"May 22, 2020","$1,440"
178,"May 22, 2020","$1,345"
179,"May 22, 2020","$1,750"
180,"May 22, 2020","$1,943"
181,"May 21, 2020","$1,600"
182,"May 21, 2020","$1,840"
183,"May 21, 2020","$1,780"
184,"May 21, 2020","$1,699"
185,"May 20, 2020","$1,320"
186,"May 20, 2020","$1,400"
187,"May 20, 2020","$1,455"
188,"May 19, 2020","$1,568"
189,"May 19, 2020","$1,821"
190,"May 19, 2020",$997
191,"May 19, 2020",$996
192,"May 18, 2020","$1,798"
193,"May 18, 2020","$1,255"
194,"May 18, 2020","$1,790"
195,"May 18, 2020","$1,300"
196,"May 18, 2020","$1,600"
197,"May 18, 2020","$1,750"
198,"May 18, 2020","$1,200"
199,"May 17, 2020","$1,600"
200,"May 17, 2020","$1,385"
201,"May 17, 2020","$2,199"
202,"May 16, 2020","$1,592"
203,"May 16, 2020","$1,140"
204,"May 15, 2020","$1,936"
205,"May 15, 2020","$1,537"
206,"May 15, 2020","$1,700"
207,"May 15, 2020","$1,620"
208,"May 15, 2020","$1,800"
209,"May 15, 2020","$1,501"
210,"May 15, 2020","$1,385"
211,"May 14, 2020","$1,500"
212,"May 14, 2020","$1,777"
213,"May 14, 2020","$1,175"
214,"May 13, 2020","$1,080"
215,"May 13, 2020","$1,539"
216,"May 12, 2020","$1,542"
217,"May 12, 2020","$1,400"
218,"May 12, 2020","$1,255"
219,"May 12, 2020","$1,395"
220,"May 12, 2020","$1,600"
221,"May 12, 2020","$1,456"
222,"May 11, 2020","$1,525"
223,"May 10, 2020","$1,321"
224,"May 10, 2020","$1,650"
225,"May 10, 2020","$1,555"
226,"May 9, 2020","$1,520"
227,"May 9, 2020","$1,699"
228,"May 9, 2020","$1,140"
229,"May 9, 2020","$1,295"
230,"May 9, 2020","$1,600"
231,"May 8, 2020",$999
232,"May 7, 2020","$1,200"
233,"May 7, 2020","$1,260"
234,"May 6, 2020","$1,640"
235,"May 6, 2020","$1,100"
236,"May 6, 2020","$1,190"
237,"May 5, 2020","$1,300"
238,"May 5, 2020","$1,352"
239,"May 5, 2020","$1,500"
240,"May 5, 2020","$1,400"
241,"May 5, 2020","$1,210"
242,"May 5, 2020",$986
243,"May 5, 2020",$955
244,"May 4, 2020","$1,233"
245,"May 4, 2020","$1,300"
246,"May 4, 2020","$1,500"
247,"May 4, 2020","$1,401"
248,"May 4, 2020","$1,123"
249,"May 4, 2020","$1,478"
250,"May 4, 2020","$1,200"
251,"May 4, 2020","$1,365"
252,"May 4, 2020","$1,295"
253,"May 4, 2020","$1,400"
254,"May 4, 2020","$1,350"
255,"May 4, 2020","$1,364"
256,"May 4, 2020","$1,099"
257,"May 3, 2020","$1,300"
258,"April 30, 2020","$1,385"
259,"April 30, 2020","$1,601"
260,"April 30, 2020","$1,501"
261,"April 30, 2020",$951
262,"April 29, 2020","$1,300"
263,"April 29, 2020","$1,301"
264,"April 29, 2020","$1,336"
265,"April 29, 2020","$1,500"
266,"April 29, 2020","$1,075"
267,"April 28, 2020",$915
268,"April 28, 2020","$1,300"
269,"April 28, 2020",$999
270,"April 28, 2020","$1,485"
271,"April 28, 2020","$1,300"
272,"April 27, 2020","$1,350"
273,"April 27, 2020","$1,190"
274,"April 27, 2020","$1,274"
275,"April 27, 2020","$1,220"
276,"April 27, 2020",$915
277,"April 26, 2020","$1,200"
278,"April 25, 2020","$1,300"
279,"April 24, 2020","$1,233"
280,"April 24, 2020","$1,299"
281,"April 24, 2020","$1,186"
282,"April 23, 2020","$1,072"
283,"April 23, 2020",$975
284,"April 22, 2020","$1,290"
285,"April 22, 2020","$1,097"
286,"April 22, 2020","$1,150"
287,"April 22, 2020","$1,200"
288,"April 22, 2020","$1,360"
289,"April 21, 2020",$677
290,"April 20, 2020","$1,380"
291,"April 20, 2020","$1,300"
292,"April 20, 2020","$1,260"
293,"April 20, 2020","$1,255"
294,"April 20, 2020","$1,150"
295,"April 19, 2020","$1,000"
296,"April 18, 2020","$1,431"
297,"April 18, 2020","$1,199"
298,"April 17, 2020","$1,275"
299,"April 16, 2020","$1,115"
300,"April 16, 2020","$1,242"
301,"April 16, 2020","$1,175"
302,"April 16, 2020",$849
303,"April 15, 2020","$1,419"
304,"April 15, 2020",$976
305,"April 14, 2020","$1,252"
306,"April 14, 2020",$998
307,"April 14, 2020","$1,183"
308,"April 13, 2020","$1,100"
309,"April 13, 2020","$1,340"
310,"April 13, 2020","$1,151"
311,"April 12, 2020","$1,299"
312,"April 12, 2020","$1,100"
313,"April 11, 2020","$1,200"
314,"April 11, 2020","$1,090"
315,"April 11, 2020",$767
316,"April 9, 2020",$825
317,"April 8, 2020","$1,086"
318,"April 7, 2020",$900
319,"April 7, 2020","$1,057"
320,"April 7, 2020",$910
321,"April 5, 2020",$975
322,"April 5, 2020",$880
323,"April 4, 2020",$860
324,"April 3, 2020",$870
325,"April 3, 2020",$796
326,"April 3, 2020","$1,098"
327,"April 2, 2020",$750
328,"April 2, 2020",$547
329,"April 1, 2020","$1,150"
330,"March 31, 2020",$725
331,"March 31, 2020","$1,020"
332,"March 30, 2020","$1,000"
333,"March 29, 2020",$698
334,"March 29, 2020",$710
335,"March 28, 2020","$1,100"
336,"March 28, 2020",$990
337,"March 27, 2020",$915
338,"March 27, 2020",$906
339,"March 27, 2020",$731
340,"March 26, 2020",$900
341,"March 25, 2020","$1,639"
342,"March 25, 2020",$955
343,"March 24, 2020","$1,100"
344,"March 24, 2020","$1,050"
345,"March 24, 2020",$940
346,"March 24, 2020",$900
347,"March 23, 2020","$1,085"
348,"March 22, 2020",$900
349,"March 21, 2020","$1,099"
350,"March 21, 2020",$975
351,"March 21, 2020",$851
352,"March 20, 2020",$900
353,"March 19, 2020",$985
354,"March 18, 2020",$970
355,"March 18, 2020",$700
356,"March 18, 2020",$850
357,"March 18, 2020","$1,097"
358,"March 17, 2020","$1,001"
359,"March 17, 2020","$1,050"
360,"March 16, 2020","$1,000"
361,"March 16, 2020",$850
362,"March 15, 2020",$759
363,"March 15, 2020",$799
364,"March 15, 2020","$1,100"
365,"March 15, 2020",$850
366,"March 14, 2020","$1,050"
367,"March 13, 2020",$783
368,"March 12, 2020","$1,197"
369,"March 12, 2020",$699
370,"March 11, 2020",$840
371,"March 11, 2020","$1,200"
372,"March 11, 2020",$984
373,"March 11, 2020",$769
374,"March 11, 2020",$560
375,"March 11, 2020","$1,196"
376,"March 10, 2020","$1,300"
377,"March 10, 2020",$820
378,"March 9, 2020","$1,000"
379,"March 9, 2020","$1,092"
380,"March 9, 2020",$800
381,"March 9, 2020","$1,137"
382,"March 9, 2020","$1,100"
383,"March 8, 2020",$790
384,"March 7, 2020","$1,050"
385,"March 7, 2020","$1,028"
386,"March 6, 2020",$706
387,"March 6, 2020",$749
388,"March 6, 2020",$949
389,"March 4, 2020",$880
390,"March 2, 2020",$689
391,"March 2, 2020",$751
392,"March 2, 2020",$975
393,"March 2, 2020","$1,000"
394,"March 2, 2020",$711
395,"March 2, 2020","$1,001"
396,"March 1, 2020","$1,528"
397,"February 29, 2020","$1,095"
398,"February 28, 2020","$1,150"
399,"February 28, 2020","$1,050"
400,"February 28, 2020","$1,120"
401,"February 28, 2020",$770
402,"February 27, 2020","$1,085"
403,"February 27, 2020",$669
404,"February 27, 2020","$1,042"
405,"February 27, 2020","$1,087"
406,"February 26, 2020",$763
407,"February 25, 2020",$850
408,"February 25, 2020",$950
409,"February 25, 2020",$665
410,"February 25, 2020",$775
411,"February 23, 2020","$1,225"
412,"February 23, 2020",$610
413,"February 21, 2020","$1,150"
414,"February 21, 2020","$1,140"
415,"February 21, 2020",$780
416,"February 20, 2020","$1,150"
417,"February 20, 2020",$950
418,"February 20, 2020","$1,000"
419,"February 20, 2020",$968
420,"February 18, 2020","$1,100"
421,"February 18, 2020",$710
422,"February 18, 2020","$1,200"
423,"February 17, 2020",$900
424,"February 17, 2020",$988
425,"February 16, 2020","$1,099"
426,"February 15, 2020",$690
427,"February 15, 2020",$968
428,"February 15, 2020",$746
429,"February 15, 2020",$780
430,"February 14, 2020","$1,100"
431,"February 13, 2020",$950
432,"February 12, 2020",$950
433,"February 12, 2020","$1,200"
434,"February 11, 2020",$750
435,"February 11, 2020","$1,000"
436,"February 11, 2020","$1,000"
437,"February 11, 2020",$700
438,"February 9, 2020",$975
439,"February 8, 2020",$905
440,"February 7, 2020",$742
441,"February 7, 2020","$1,044"
442,"February 7, 2020",$741
443,"February 7, 2020",$949
444,"February 6, 2020",$690
445,"February 4, 2020","$1,175"
446,"February 4, 2020",$899
447,"February 3, 2020",$706
448,"February 2, 2020",$880
449,"February 1, 2020",$980
450,"February 1, 2020","$1,150"
451,"February 1, 2020",$650
452,"February 1, 2020",$850
453,"January 31, 2020","$1,376"
454,"January 31, 2020","$1,025"
455,"January 30, 2020",$625
456,"January 30, 2020","$1,250"
457,"January 30, 2020",$940
458,"January 29, 2020",$623
459,"January 29, 2020",$450
460,"January 28, 2020",$580
461,"January 28, 2020","$1,175"
462,"January 27, 2020",$545
463,"January 24, 2020",$625
464,"January 23, 2020",$815
465,"January 22, 2020",$666
466,"January 22, 2020",$838
467,"January 20, 2020",$620
468,"January 20, 2020",$399
469,"January 20, 2020",$660
470,"January 20, 2020",$850
471,"January 20, 2020",$677
472,"January 20, 2020","$1,096"
473,"January 20, 2020",$840
474,"January 19, 2020",$690
475,"January 19, 2020","$1,245"
476,"January 18, 2020","$1,113"
477,"January 18, 2020",$849
478,"January 16, 2020","$1,179"
479,"January 15, 2020","$1,199"
480,"January 15, 2020","$1,100"
481,"January 15, 2020",$808
482,"January 15, 2020",$800
483,"January 14, 2020",$850
484,"January 13, 2020","$1,012"
485,"January 13, 2020",$620
486,"January 12, 2020",$795
487,"January 11, 2020",$765
488,"January 11, 2020",$595
489,"January 11, 2020","$1,042"
490,"January 10, 2020",$625
491,"January 10, 2020","$1,060"
492,"January 9, 2020","$1,000"
493,"January 8, 2020",$800
494,"January 8, 2020",$607
495,"January 8, 2020","$1,076"
496,"January 7, 2020","$1,100"
497,"January 7, 2020",$932
498,"January 7, 2020",$572
499,"January 7, 2020",$797
500,"January 6, 2020",$564
501,"January 6, 2020",$799
502,"January 5, 2020",$563
503,"January 5, 2020",$930
504,"January 5, 2020",$385
505,"January 5, 2020",$970
506,"January 4, 2020",$555
507,"January 4, 2020",$799
508,"January 4, 2020",$785
509,"January 3, 2020",$990
510,"January 2, 2020",$860
511,"January 2, 2020",$797
512,"January 1, 2020",$560
513,"December 31, 2019",$892
514,"December 31, 2019",$910
515,"December 31, 2019",$700
516,"December 31, 2019",$567
517,"December 31, 2019",$650
518,"December 29, 2019",$839
519,"December 29, 2019","$1,000"
520,"December 29, 2019","$1,265"
521,"December 28, 2019",$950
522,"December 28, 2019",$788
523,"December 28, 2019",$710
524,"December 28, 2019","$1,033"
525,"December 27, 2019",$744
526,"December 27, 2019",$695
527,"December 26, 2019",$699
528,"December 24, 2019",$818
529,"December 24, 2019","$1,249"
530,"December 24, 2019",$801
531,"December 24, 2019",$900
532,"December 23, 2019",$955
533,"December 22, 2019",$700
534,"December 20, 2019",$910
535,"December 20, 2019",$585
536,"December 19, 2019",$779
537,"December 19, 2019",$805
538,"December 19, 2019",$705
539,"December 18, 2019",$700
540,"December 18, 2019",$682
541,"December 17, 2019",$660
542,"December 16, 2019",$801
543,"December 16, 2019",$860
544,"December 15, 2019",$748
545,"December 15, 2019",$700
546,"December 14, 2019",$510
547,"December 14, 2019",$700
548,"December 13, 2019",$694
549,"December 13, 2019",$675
550,"December 13, 2019",$800
551,"December 13, 2019",$795
552,"December 13, 2019",$500
553,"December 12, 2019",$722
554,"December 12, 2019",$750
555,"December 12, 2019",$601
556,"December 11, 2019",$670
557,"December 11, 2019",$685
558,"December 11, 2019",$743
559,"December 11, 2019",$398
560,"December 10, 2019","$1,050"
561,"December 10, 2019",$965
562,"December 10, 2019",$970
563,"December 10, 2019",$780
564,"December 9, 2019",$675
565,"December 9, 2019",$750
566,"December 9, 2019","$1,000"
567,"December 9, 2019",$550
568,"December 8, 2019",$727
569,"December 8, 2019",$553
570,"December 6, 2019","$1,031"
571,"December 6, 2019",$699
572,"December 6, 2019",$300
573,"December 6, 2019","$1,319"
574,"December 6, 2019",$800
575,"December 6, 2019",$780
576,"December 6, 2019",$800
577,"December 5, 2019",$926
578,"December 5, 2019",$875
579,"December 5, 2019","$1,020"
580,"December 5, 2019",$720
581,"December 4, 2019",$703
582,"December 4, 2019",$680
583,"December 4, 2019",$693
584,"December 4, 2019",$600
585,"December 4, 2019",$697
586,"December 3, 2019",$695
587,"December 3, 2019",$725
588,"December 3, 2019",$730
589,"December 3, 2019",$710
590,"December 3, 2019",$850
591,"December 2, 2019",$725
592,"December 2, 2019",$701
593,"December 2, 2019",$870
594,"December 2, 2019",$855
595,"December 2, 2019",$763
596,"December 2, 2019",$780
597,"November 30, 2019",$999
598,"November 30, 2019",$675
599,"November 29, 2019",$801
600,"November 29, 2019",$800
601,"November 29, 2019",$699
602,"November 28, 2019",$820
603,"November 28, 2019",$690
604,"November 27, 2019","$1,000"
605,"November 27, 2019",$799
606,"November 27, 2019",$779
607,"November 26, 2019",$640
608,"November 26, 2019",$680
609,"November 25, 2019",$950
610,"November 25, 2019",$734
611,"November 24, 2019",$850
612,"November 24, 2019",$720
613,"November 24, 2019",$801
614,"November 23, 2019",$685
615,"November 23, 2019",$735
616,"November 22, 2019",$802
617,"November 22, 2019",$845
618,"November 22, 2019",$780
619,"November 21, 2019",$776
620,"November 21, 2019",$715
621,"November 21, 2019",$890
622,"November 21, 2019",$680
623,"November 20, 2019",$900
624,"November 20, 2019",$900
625,"November 20, 2019",$950
626,"November 20, 2019","$1,000"
627,"November 20, 2019",$876
628,"November 19, 2019",$680
629,"November 18, 2019",$850
630,"November 18, 2019",$640
631,"November 16, 2019",$775
632,"November 15, 2019",$760
633,"November 15, 2019",$775
634,"November 14, 2019",$900
635,"November 14, 2019",$575
636,"November 14, 2019",$735
637,"November 14, 2019",$570
638,"November 14, 2019",$799
639,"November 13, 2019",$849
640,"November 13, 2019",$768
641,"November 13, 2019",$800
642,"November 12, 2019",$830
643,"November 11, 2019","$1,015"
644,"November 11, 2019",$563
645,"November 11, 2019",$990
646,"November 10, 2019",$531
647,"November 10, 2019",$880
648,"November 9, 2019",$749
649,"November 8, 2019",$665
650,"November 8, 2019",$875
651,"November 8, 2019","$1,200"
652,"November 7, 2019",$781
653,"November 7, 2019",$948
654,"November 7, 2019",$920
655,"November 7, 2019",$753
656,"November 6, 2019",$782
657,"November 6, 2019",$850
658,"November 6, 2019",$769
659,"November 6, 2019",$780
660,"November 6, 2019",$750
661,"November 5, 2019",$775
662,"November 4, 2019",$739
663,"November 4, 2019",$300
664,"November 4, 2019",$681
665,"November 3, 2019",$800
666,"November 3, 2019",$800
667,"November 2, 2019",$775
668,"November 2, 2019",$559
669,"November 1, 2019",$726
670,"November 1, 2019",$700
671,"November 1, 2019",$615
672,"November 1, 2019",$725
673,"October 31, 2019",$690
674,"October 31, 2019",$680
675,"October 31, 2019",$505
676,"October 31, 2019",$684
677,"October 30, 2019",$928
678,"October 30, 2019",$927
679,"October 30, 2019",$995
680,"October 29, 2019",$665
681,"October 27, 2019",$798
682,"October 27, 2019",$690
683,"October 26, 2019",$750
684,"October 25, 2019",$647
685,"October 25, 2019",$545
686,"October 24, 2019",$733
687,"October 24, 2019",$760
688,"October 24, 2019",$805
689,"October 23, 2019",$756
690,"October 23, 2019",$530
691,"October 23, 2019",$850
692,"October 23, 2019",$191
693,"October 23, 2019",$606
694,"October 21, 2019",$690
695,"October 21, 2019",$227
696,"October 20, 2019",$551
697,"October 18, 2019",$642
698,"October 18, 2019",$650
699,"October 18, 2019",$651
700,"October 18, 2019",$750
701,"October 17, 2019",$505
702,"October 17, 2019",$751
703,"October 17, 2019",$730
704,"October 17, 2019",$640
705,"October 17, 2019",$530
706,"October 16, 2019",$651
707,"October 15, 2019",$700
708,"October 11, 2019",$727
709,"October 11, 2019","$1,050"
710,"October 11, 2019",$650
711,"October 11, 2019",$800
712,"October 10, 2019",$966
713,"October 10, 2019",$790
714,"October 10, 2019",$849
715,"October 9, 2019",$420
716,"October 9, 2019",$835
717,"October 9, 2019",$759
718,"October 8, 2019",$990
719,"October 8, 2019",$790
720,"October 8, 2019",$750
721,"October 8, 2019",$999
722,"October 7, 2019",$841
723,"October 7, 2019",$955
724,"October 7, 2019",$988
725,"October 7, 2019",$879
726,"October 7, 2019",$829
727,"October 7, 2019",$834
728,"October 6, 2019",$750
729,"October 6, 2019",$725
730,"October 6, 2019",$675
731,"October 5, 2019",$650
732,"October 5, 2019",$675
733,"October 4, 2019",$532
734,"October 4, 2019",$515
735,"October 4, 2019",$669
736,"October 4, 2019",$745
737,"October 4, 2019",$945
738,"October 3, 2019",$820
739,"October 3, 2019",$920
740,"October 3, 2019",$839
741,"October 3, 2019",$718
742,"October 2, 2019",$924
743,"October 2, 2019",$500
744,"September 30, 2019",$755
745,"September 30, 2019",$651
746,"September 30, 2019",$708
747,"September 29, 2019",$829
748,"September 29, 2019",$779
749,"September 29, 2019",$664
750,"September 29, 2019",$950
751,"September 29, 2019",$900
752,"September 29, 2019",$949
753,"September 29, 2019",$450
754,"September 28, 2019",$900
755,"September 28, 2019",$491
756,"September 27, 2019",$705
757,"September 27, 2019",$815
758,"September 27, 2019",$678
759,"September 27, 2019",$490
760,"September 27, 2019",$800
761,"September 25, 2019",$801
762,"September 25, 2019",$665
763,"September 24, 2019",$783
764,"September 23, 2019",$775
765,"September 22, 2019",$780
766,"September 20, 2019",$780
767,"September 20, 2019",$950
768,"September 20, 2019",$945
769,"September 20, 2019",$787
770,"September 19, 2019",$700
771,"September 19, 2019",$785
772,"September 19, 2019",$349
773,"September 19, 2019",$726
774,"September 18, 2019",$782
775,"September 18, 2019",$950
776,"September 17, 2019",$756
777,"September 17, 2019",$800
778,"September 17, 2019",$667
779,"September 16, 2019",$900
780,"September 19, 2019",$700
781,"September 19, 2019",$785
782,"September 19, 2019",$349
783,"September 19, 2019",$726
784,"September 18, 2019",$782
785,"September 18, 2019",$950
786,"September 17, 2019",$756
787,"September 17, 2019",$800
788,"September 17, 2019",$667
789,"September 16, 2019",$900
790,"September 19, 2019",$700
791,"September 19, 2019",$785
792,"September 19, 2019",$349
793,"September 19, 2019",$726
794,"September 18, 2019",$782
795,"September 18, 2019",$950
796,"September 17, 2019",$756
797,"September 17, 2019",$800
798,"September 17, 2019",$667
799,"September 16, 2019",$900
800,"September 16, 2019",$740
801,"September 16, 2019",$641
802,"September 15, 2019",$671
803,"September 14, 2019",$750
804,"September 14, 2019",$675
805,"September 14, 2019",$720
806,"September 14, 2019",$824
807,"September 13, 2019",$840
808,"September 13, 2019",$765
809,"September 12, 2019",$692
810,"September 16, 2019",$740
811,"September 16, 2019",$641
812,"September 15, 2019",$671
813,"September 14, 2019",$750
814,"September 14, 2019",$675
815,"September 14, 2019",$720
816,"September 14, 2019",$824
817,"September 13, 2019",$840
818,"September 13, 2019",$765
819,"September 12, 2019",$692
820,"September 16, 2019",$740
821,"September 16, 2019",$641
822,"September 15, 2019",$671
823,"September 14, 2019",$750
824,"September 14, 2019",$675
825,"September 14, 2019",$720
826,"September 14, 2019",$824
827,"September 13, 2019",$840
828,"September 13, 2019",$765
829,"September 12, 2019",$692
830,"September 12, 2019",$770
831,"September 11, 2019",$855
832,"September 11, 2019",$927
833,"September 11, 2019",$928
834,"September 10, 2019",$650
835,"September 10, 2019",$890
836,"September 9, 2019",$695
837,"September 8, 2019",$567
838,"September 7, 2019",$880
839,"September 7, 2019",$789
840,"September 12, 2019",$770
841,"September 11, 2019",$855
842,"September 11, 2019",$927
843,"September 11, 2019",$928
844,"September 10, 2019",$650
845,"September 10, 2019",$890
846,"September 9, 2019",$695
847,"September 8, 2019",$567
848,"September 7, 2019",$880
849,"September 7, 2019",$789
850,"September 7, 2019",$789
851,"September 7, 2019",$785
852,"September 6, 2019",$750
853,"September 6, 2019",$846
854,"September 6, 2019",$693
855,"September 6, 2019",$788
856,"September 5, 2019",$840
857,"September 5, 2019",$630
858,"September 5, 2019",$565
859,"September 4, 2019",$799
860,"September 4, 2019",$850
861,"September 4, 2019",$695
862,"September 3, 2019","$1,049"
863,"September 2, 2019",$490
864,"September 2, 2019",$973
865,"September 2, 2019",$895
866,"September 1, 2019",$865
867,"September 1, 2019",$936
868,"September 1, 2019",$789
869,"September 1, 2019",$750
870,"September 1, 2019",$750
871,"August 31, 2019",$750
872,"August 31, 2019",$926
873,"August 31, 2019",$675
874,"August 31, 2019","$1,044"
875,"August 30, 2019",$500
876,"August 30, 2019",$850
877,"August 30, 2019",$750
878,"August 30, 2019",$978
879,"August 29, 2019",$700
880,"August 29, 2019",$485
881,"August 29, 2019",$999
882,"August 29, 2019",$735
883,"August 29, 2019",$750
884,"August 28, 2019",$859
885,"August 28, 2019",$845
886,"August 28, 2019",$970
887,"August 27, 2019",$734
888,"August 26, 2019",$815
889,"August 25, 2019",$665
890,"August 24, 2019","$1,275"
891,"August 23, 2019",$701
892,"August 23, 2019",$528
893,"August 22, 2019",$700
894,"August 22, 2019",$802
895,"August 22, 2019","$1,199"
896,"August 22, 2019",$930
897,"August 21, 2019",$840
898,"August 21, 2019",$680
899,"August 21, 2019",$635
900,"August 24, 2019","$1,275"
901,"August 23, 2019",$701
902,"August 23, 2019",$528
903,"August 22, 2019",$700
904,"August 22, 2019",$802
905,"August 22, 2019","$1,199"
906,"August 22, 2019",$930
907,"August 21, 2019",$840
908,"August 21, 2019",$680
909,"August 21, 2019",$635
910,"August 20, 2019",$490
911,"August 20, 2019",$735
912,"August 19, 2019",$650
913,"August 19, 2019",$985
914,"August 19, 2019",$985
915,"August 18, 2019",$710
916,"August 18, 2019",$961
917,"August 18, 2019",$833
918,"August 18, 2019",$715
919,"August 17, 2019",$960
920,"August 20, 2019",$490
921,"August 20, 2019",$735
922,"August 19, 2019",$650
923,"August 19, 2019",$985
924,"August 19, 2019",$985
925,"August 18, 2019",$710
926,"August 18, 2019",$961
927,"August 18, 2019",$833
928,"August 18, 2019",$715
929,"August 17, 2019",$960
930,"August 17, 2019",$839
931,"August 16, 2019",$560
932,"August 15, 2019",$881
933,"August 15, 2019",$825
934,"August 15, 2019",$555
935,"August 14, 2019",$730
936,"August 13, 2019",$800
937,"August 13, 2019",$659
938,"August 13, 2019",$945
939,"August 13, 2019",$820
940,"August 17, 2019",$839
941,"August 16, 2019",$560
942,"August 15, 2019",$881
943,"August 15, 2019",$825
944,"August 15, 2019",$555
945,"August 14, 2019",$730
946,"August 13, 2019",$800
947,"August 13, 2019",$659
948,"August 13, 2019",$945
949,"August 13, 2019",$820
950,"August 13, 2019",$500
951,"August 13, 2019",$744
952,"August 12, 2019",$945
953,"August 12, 2019",$610
954,"August 12, 2019",$985
955,"August 12, 2019",$660
956,"August 11, 2019","$1,050"
957,"August 10, 2019",$821
958,"August 10, 2019",$912
959,"August 10, 2019",$900
960,"August 13, 2019",$500
961,"August 13, 2019",$744
962,"August 12, 2019",$945
963,"August 12, 2019",$610
964,"August 12, 2019",$985
965,"August 12, 2019",$660
966,"August 11, 2019","$1,050"
967,"August 10, 2019",$821
968,"August 10, 2019",$912
969,"August 10, 2019",$900
970,"August 13, 2019",$500
971,"August 13, 2019",$744
972,"August 12, 2019",$945
973,"August 12, 2019",$610
974,"August 12, 2019",$985
975,"August 12, 2019",$660
976,"August 11, 2019","$1,050"
977,"August 10, 2019",$821
978,"August 10, 2019",$912
979,"August 10, 2019",$900
980,"August 10, 2019",$899
981,"August 10, 2019",$740
982,"August 9, 2019",$800
983,"August 9, 2019",$950
984,"August 9, 2019",$680
985,"August 9, 2019",$520
986,"August 8, 2019",$759
987,"August 7, 2019",$565
988,"August 6, 2019",$685
989,"August 6, 2019",$505
990,"August 10, 2019",$899
991,"August 10, 2019",$740
992,"August 9, 2019",$800
993,"August 9, 2019",$950
994,"August 9, 2019",$680
995,"August 9, 2019",$520
996,"August 8, 2019",$759
997,"August 7, 2019",$565
998,"August 6, 2019",$685
999,"August 6, 2019",$505
1000,"August 10, 2019",$899
1001,"August 10, 2019",$740
1002,"August 9, 2019",$800
1003,"August 9, 2019",$950
1004,"August 9, 2019",$680
1005,"August 9, 2019",$520
1006,"August 8, 2019",$759
1007,"August 7, 2019",$565
1008,"August 6, 2019",$685
1009,"August 6, 2019",$505
1010,"August 10, 2019",$899
1011,"August 10, 2019",$740
1012,"August 9, 2019",$800
1013,"August 9, 2019",$950
1014,"August 9, 2019",$680
1015,"August 9, 2019",$520
1016,"August 8, 2019",$759
1017,"August 7, 2019",$565
1018,"August 6, 2019",$685
1019,"August 6, 2019",$505
1020,"August 6, 2019",$909
1021,"August 5, 2019",$475
1022,"August 5, 2019",$661
1023,"August 5, 2019",$670
1024,"August 4, 2019",$720
1025,"August 4, 2019",$925
1026,"August 4, 2019",$900
1027,"August 3, 2019",$684
1028,"August 3, 2019",$506
1029,"August 2, 2019","$1,140"
1030,"August 6, 2019",$909
1031,"August 5, 2019",$475
1032,"August 5, 2019",$661
1033,"August 5, 2019",$670
1034,"August 4, 2019",$720
1035,"August 4, 2019",$925
1036,"August 4, 2019",$900
1037,"August 3, 2019",$684
1038,"August 3, 2019",$506
1039,"August 2, 2019","$1,140"
1040,"August 10, 2019",$899
1041,"August 10, 2019",$740
1042,"August 9, 2019",$800
1043,"August 9, 2019",$950
1044,"August 9, 2019",$680
1045,"August 9, 2019",$520
1046,"August 8, 2019",$759
1047,"August 7, 2019",$565
1048,"August 6, 2019",$685
1049,"August 6, 2019",$505
1050,"August 6, 2019",$909
1051,"August 5, 2019",$475
1052,"August 5, 2019",$661
1053,"August 5, 2019",$670
1054,"August 4, 2019",$720
1055,"August 4, 2019",$925
1056,"August 4, 2019",$900
1057,"August 3, 2019",$684
1058,"August 3, 2019",$506
1059,"August 2, 2019","$1,140"
1060,"August 6, 2019",$909
1061,"August 5, 2019",$475
1062,"August 5, 2019",$661
1063,"August 5, 2019",$670
1064,"August 4, 2019",$720
1065,"August 4, 2019",$925
1066,"August 4, 2019",$900
1067,"August 3, 2019",$684
1068,"August 3, 2019",$506
1069,"August 2, 2019","$1,140"
1070,"August 6, 2019",$909
1071,"August 5, 2019",$475
1072,"August 5, 2019",$661
1073,"August 5, 2019",$670
1074,"August 4, 2019",$720
1075,"August 4, 2019",$925
1076,"August 4, 2019",$900
1077,"August 3, 2019",$684
1078,"August 3, 2019",$506
1079,"August 2, 2019","$1,140"
1080,"August 2, 2019",$880
1081,"August 2, 2019",$890
1082,"August 2, 2019",$520
1083,"August 1, 2019",$830
1084,"August 1, 2019",$720
1085,"August 1, 2019",$690
1086,"August 1, 2019",$825
1087,"August 1, 2019",$803
1088,"July 30, 2019",$688
1089,"July 30, 2019",$775
1090,"August 6, 2019",$909
1091,"August 5, 2019",$475
1092,"August 5, 2019",$661
1093,"August 5, 2019",$670
1094,"August 4, 2019",$720
1095,"August 4, 2019",$925
1096,"August 4, 2019",$900
1097,"August 3, 2019",$684
1098,"August 3, 2019",$506
1099,"August 2, 2019","$1,140"
1100,"August 2, 2019",$880
1101,"August 2, 2019",$890
1102,"August 2, 2019",$520
1103,"August 1, 2019",$830
1104,"August 1, 2019",$720
1105,"August 1, 2019",$690
1106,"August 1, 2019",$825
1107,"August 1, 2019",$803
1108,"July 30, 2019",$688
1109,"July 30, 2019",$775
1110,"August 6, 2019",$909
1111,"August 5, 2019",$475
1112,"August 5, 2019",$661
1113,"August 5, 2019",$670
1114,"August 4, 2019",$720
1115,"August 4, 2019",$925
1116,"August 4, 2019",$900
1117,"August 3, 2019",$684
1118,"August 3, 2019",$506
1119,"August 2, 2019","$1,140"
1120,"August 2, 2019",$880
1121,"August 2, 2019",$890
1122,"August 2, 2019",$520
1123,"August 1, 2019",$830
1124,"August 1, 2019",$720
1125,"August 1, 2019",$690
1126,"August 1, 2019",$825
1127,"August 1, 2019",$803
1128,"July 30, 2019",$688
1129,"July 30, 2019",$775
1130,"August 6, 2019",$909
1131,"August 5, 2019",$475
1132,"August 5, 2019",$661
1133,"August 5, 2019",$670
1134,"August 4, 2019",$720
1135,"August 4, 2019",$925
1136,"August 4, 2019",$900
1137,"August 3, 2019",$684
1138,"August 3, 2019",$506
1139,"August 2, 2019","$1,140"
1140,"August 2, 2019",$880
1141,"August 2, 2019",$890
1142,"August 2, 2019",$520
1143,"August 1, 2019",$830
1144,"August 1, 2019",$720
1145,"August 1, 2019",$690
1146,"August 1, 2019",$825
1147,"August 1, 2019",$803
1148,"July 30, 2019",$688
1149,"July 30, 2019",$775
1150,"August 2, 2019",$880
1151,"August 2, 2019",$890
1152,"August 2, 2019",$520
1153,"August 1, 2019",$830
1154,"August 1, 2019",$720
1155,"August 1, 2019",$690
1156,"August 1, 2019",$825
1157,"August 1, 2019",$803
1158,"July 30, 2019",$688
1159,"July 30, 2019",$775
1160,"August 2, 2019",$880
1161,"August 2, 2019",$890
1162,"August 2, 2019",$520
1163,"August 1, 2019",$830
1164,"August 1, 2019",$720
1165,"August 1, 2019",$690
1166,"August 1, 2019",$825
1167,"August 1, 2019",$803
1168,"July 30, 2019",$688
1169,"July 30, 2019",$775
1170,"August 2, 2019",$880
1171,"August 2, 2019",$890
1172,"August 2, 2019",$520
1173,"August 1, 2019",$830
1174,"August 1, 2019",$720
1175,"August 1, 2019",$690
1176,"August 1, 2019",$825
1177,"August 1, 2019",$803
1178,"July 30, 2019",$688
1179,"July 30, 2019",$775
1180,"August 2, 2019",$880
1181,"August 2, 2019",$890
1182,"August 2, 2019",$520
1183,"August 1, 2019",$830
1184,"August 1, 2019",$720
1185,"August 1, 2019",$690
1186,"August 1, 2019",$825
1187,"August 1, 2019",$803
1188,"July 30, 2019",$688
1189,"July 30, 2019",$775
1190,"August 2, 2019",$880
1191,"August 2, 2019",$890
1192,"August 2, 2019",$520
1193,"August 1, 2019",$830
1194,"August 1, 2019",$720
1195,"August 1, 2019",$690
1196,"August 1, 2019",$825
1197,"August 1, 2019",$803
1198,"July 30, 2019",$688
1199,"July 30, 2019",$775
1200,"August 2, 2019",$880
1201,"August 2, 2019",$890
1202,"August 2, 2019",$520
1203,"August 1, 2019",$830
1204,"August 1, 2019",$720
1205,"August 1, 2019",$690
1206,"August 1, 2019",$825
1207,"August 1, 2019",$803
1208,"July 30, 2019",$688
1209,"July 30, 2019",$775
1210,"August 2, 2019",$880
1211,"August 2, 2019",$890
1212,"August 2, 2019",$520
1213,"August 1, 2019",$830
1214,"August 1, 2019",$720
1215,"August 1, 2019",$690
1216,"August 1, 2019",$825
1217,"August 1, 2019",$803
1218,"July 30, 2019",$688
1219,"July 30, 2019",$775
1220,"August 2, 2019",$880
1221,"August 2, 2019",$890
1222,"August 2, 2019",$520
1223,"August 1, 2019",$830
1224,"August 1, 2019",$720
1225,"August 1, 2019",$690
1226,"August 1, 2019",$825
1227,"August 1, 2019",$803
1228,"July 30, 2019",$688
1229,"July 30, 2019",$775
1230,"July 30, 2019",$505
1231,"July 30, 2019",$803
1232,"July 29, 2019",$825
1233,"July 29, 2019",$670
1234,"July 29, 2019",$670
1235,"July 28, 2019",$920
1236,"July 27, 2019",$550
1237,"July 27, 2019",$685
1238,"July 27, 2019",$635
1239,"July 27, 2019",$628
1240,"August 2, 2019",$880
1241,"August 2, 2019",$890
1242,"August 2, 2019",$520
1243,"August 1, 2019",$830
1244,"August 1, 2019",$720
1245,"August 1, 2019",$690
1246,"August 1, 2019",$825
1247,"August 1, 2019",$803
1248,"July 30, 2019",$688
1249,"July 30, 2019",$775
1250,"July 30, 2019",$505
1251,"July 30, 2019",$803
1252,"July 29, 2019",$825
1253,"July 29, 2019",$670
1254,"July 29, 2019",$670
1255,"July 28, 2019",$920
1256,"July 27, 2019",$550
1257,"July 27, 2019",$685
1258,"July 27, 2019",$635
1259,"July 27, 2019",$628
1260,"August 2, 2019",$880
1261,"August 2, 2019",$890
1262,"August 2, 2019",$520
1263,"August 1, 2019",$830
1264,"August 1, 2019",$720
1265,"August 1, 2019",$690
1266,"August 1, 2019",$825
1267,"August 1, 2019",$803
1268,"July 30, 2019",$688
1269,"July 30, 2019",$775
1270,"August 2, 2019",$880
1271,"August 2, 2019",$890
1272,"August 2, 2019",$520
1273,"August 1, 2019",$830
1274,"August 1, 2019",$720
1275,"August 1, 2019",$690
1276,"August 1, 2019",$825
1277,"August 1, 2019",$803
1278,"July 30, 2019",$688
1279,"July 30, 2019",$775
1280,"August 2, 2019",$880
1281,"August 2, 2019",$890
1282,"August 2, 2019",$520
1283,"August 1, 2019",$830
1284,"August 1, 2019",$720
1285,"August 1, 2019",$690
1286,"August 1, 2019",$825
1287,"August 1, 2019",$803
1288,"July 30, 2019",$688
1289,"July 30, 2019",$775
1290,"July 30, 2019",$505
1291,"July 30, 2019",$803
1292,"July 29, 2019",$825
1293,"July 29, 2019",$670
1294,"July 29, 2019",$670
1295,"July 28, 2019",$920
1296,"July 27, 2019",$550
1297,"July 27, 2019",$685
1298,"July 27, 2019",$635
1299,"July 27, 2019",$628
1300,"July 30, 2019",$505
1301,"July 30, 2019",$803
1302,"July 29, 2019",$825
1303,"July 29, 2019",$670
1304,"July 29, 2019",$670
1305,"July 28, 2019",$920
1306,"July 27, 2019",$550
1307,"July 27, 2019",$685
1308,"July 27, 2019",$635
1309,"July 27, 2019",$628
1310,"July 30, 2019",$505
1311,"July 30, 2019",$803
1312,"July 29, 2019",$825
1313,"July 29, 2019",$670
1314,"July 29, 2019",$670
1315,"July 28, 2019",$920
1316,"July 27, 2019",$550
1317,"July 27, 2019",$685
1318,"July 27, 2019",$635
1319,"July 27, 2019",$628
1320,"July 30, 2019",$505
1321,"July 30, 2019",$803
1322,"July 29, 2019",$825
1323,"July 29, 2019",$670
1324,"July 29, 2019",$670
1325,"July 28, 2019",$920
1326,"July 27, 2019",$550
1327,"July 27, 2019",$685
1328,"July 27, 2019",$635
1329,"July 27, 2019",$628
1330,"July 30, 2019",$505
1331,"July 30, 2019",$803
1332,"July 29, 2019",$825
1333,"July 29, 2019",$670
1334,"July 29, 2019",$670
1335,"July 28, 2019",$920
1336,"July 27, 2019",$550
1337,"July 27, 2019",$685
1338,"July 27, 2019",$635
1339,"July 27, 2019",$628
1340,"July 26, 2019",$810
1341,"July 26, 2019",$690
1342,"July 26, 2019",$750
1343,"July 25, 2019",$790
1344,"July 25, 2019",$830
1345,"July 24, 2019","$1,200"
1346,"July 24, 2019",$691
1347,"July 23, 2019",$910
1348,"July 23, 2019",$989
1349,"July 23, 2019",$660
1350,"July 30, 2019",$505
1351,"July 30, 2019",$803
1352,"July 29, 2019",$825
1353,"July 29, 2019",$670
1354,"July 29, 2019",$670
1355,"July 28, 2019",$920
1356,"July 27, 2019",$550
1357,"July 27, 2019",$685
1358,"July 27, 2019",$635
1359,"July 27, 2019",$628
1360,"July 30, 2019",$505
1361,"July 30, 2019",$803
1362,"July 29, 2019",$825
1363,"July 29, 2019",$670
1364,"July 29, 2019",$670
1365,"July 28, 2019",$920
1366,"July 27, 2019",$550
1367,"July 27, 2019",$685
1368,"July 27, 2019",$635
1369,"July 27, 2019",$628
1370,"July 30, 2019",$505
1371,"July 30, 2019",$803
1372,"July 29, 2019",$825
1373,"July 29, 2019",$670
1374,"July 29, 2019",$670
1375,"July 28, 2019",$920
1376,"July 27, 2019",$550
1377,"July 27, 2019",$685
1378,"July 27, 2019",$635
1379,"July 27, 2019",$628
1380,"July 26, 2019",$810
1381,"July 26, 2019",$690
1382,"July 26, 2019",$750
1383,"July 25, 2019",$790
1384,"July 25, 2019",$830
1385,"July 24, 2019","$1,200"
1386,"July 24, 2019",$691
1387,"July 23, 2019",$910
1388,"July 23, 2019",$989
1389,"July 23, 2019",$660
1390,"July 23, 2019",$730
1391,"July 23, 2019",$790
1392,"July 23, 2019",$659
1393,"July 23, 2019",$715
1394,"July 22, 2019","$1,015"
1395,"July 22, 2019",$835
1396,"July 21, 2019",$675
1397,"July 21, 2019",$856
1398,"July 21, 2019",$923
1399,"July 21, 2019",$845
1400,"July 26, 2019",$810
1401,"July 26, 2019",$690
1402,"July 26, 2019",$750
1403,"July 25, 2019",$790
1404,"July 25, 2019",$830
1405,"July 24, 2019","$1,200"
1406,"July 24, 2019",$691
1407,"July 23, 2019",$910
1408,"July 23, 2019",$989
1409,"July 23, 2019",$660
1410,"July 23, 2019",$730
1411,"July 23, 2019",$790
1412,"July 23, 2019",$659
1413,"July 23, 2019",$715
1414,"July 22, 2019","$1,015"
1415,"July 22, 2019",$835
1416,"July 21, 2019",$675
1417,"July 21, 2019",$856
1418,"July 21, 2019",$923
1419,"July 21, 2019",$845
1420,"July 23, 2019",$730
1421,"July 23, 2019",$790
1422,"July 23, 2019",$659
1423,"July 23, 2019",$715
1424,"July 22, 2019","$1,015"
1425,"July 22, 2019",$835
1426,"July 21, 2019",$675
1427,"July 21, 2019",$856
1428,"July 21, 2019",$923
1429,"July 21, 2019",$845
1430,"July 20, 2019",$913
1431,"July 19, 2019",$600
1432,"July 19, 2019",$662
1433,"July 19, 2019",$775
1434,"July 19, 2019",$821
1435,"July 19, 2019",$980
1436,"July 19, 2019",$955
1437,"July 19, 2019",$707
1438,"July 19, 2019",$890
1439,"July 19, 2019",$651
1440,"July 20, 2019",$913
1441,"July 19, 2019",$600
1442,"July 19, 2019",$662
1443,"July 19, 2019",$775
1444,"July 19, 2019",$821
1445,"July 19, 2019",$980
1446,"July 19, 2019",$955
1447,"July 19, 2019",$707
1448,"July 19, 2019",$890
1449,"July 19, 2019",$651
1450,"July 19, 2019","$1,019"
1451,"July 18, 2019","$1,019"
1452,"July 18, 2019",$830
1453,"July 18, 2019",$936
1454,"July 18, 2019",$339
1455,"July 18, 2019",$865
1456,"July 17, 2019",$970
1457,"July 17, 2019",$794
1458,"July 17, 2019",$840
1459,"July 17, 2019",$849
1460,"July 19, 2019","$1,019"
1461,"July 18, 2019","$1,019"
1462,"July 18, 2019",$830
1463,"July 18, 2019",$936
1464,"July 18, 2019",$339
1465,"July 18, 2019",$865
1466,"July 17, 2019",$970
1467,"July 17, 2019",$794
1468,"July 17, 2019",$840
1469,"July 17, 2019",$849
1470,"July 17, 2019",$925
1471,"July 17, 2019",$951
1472,"July 16, 2019",$560
1473,"July 16, 2019",$985
1474,"July 16, 2019","$1,000"
1475,"July 16, 2019",$760
1476,"July 15, 2019",$500
1477,"July 14, 2019","$1,050"
1478,"July 14, 2019",$625
1479,"July 13, 2019",$767
1480,"July 19, 2019","$1,019"
1481,"July 18, 2019","$1,019"
1482,"July 18, 2019",$830
1483,"July 18, 2019",$936
1484,"July 18, 2019",$339
1485,"July 18, 2019",$865
1486,"July 17, 2019",$970
1487,"July 17, 2019",$794
1488,"July 17, 2019",$840
1489,"July 17, 2019",$849
1490,"July 17, 2019",$925
1491,"July 17, 2019",$951
1492,"July 16, 2019",$560
1493,"July 16, 2019",$985
1494,"July 16, 2019","$1,000"
1495,"July 16, 2019",$760
1496,"July 15, 2019",$500
1497,"July 14, 2019","$1,050"
1498,"July 14, 2019",$625
1499,"July 13, 2019",$767
1500,"July 17, 2019",$925
1501,"July 17, 2019",$951
1502,"July 16, 2019",$560
1503,"July 16, 2019",$985
1504,"July 16, 2019","$1,000"
1505,"July 16, 2019",$760
1506,"July 15, 2019",$500
1507,"July 14, 2019","$1,050"
1508,"July 14, 2019",$625
1509,"July 13, 2019",$767
1510,"July 17, 2019",$925
1511,"July 17, 2019",$951
1512,"July 16, 2019",$560
1513,"July 16, 2019",$985
1514,"July 16, 2019","$1,000"
1515,"July 16, 2019",$760
1516,"July 15, 2019",$500
1517,"July 14, 2019","$1,050"
1518,"July 14, 2019",$625
1519,"July 13, 2019",$767
1520,"July 17, 2019",$925
1521,"July 17, 2019",$951
1522,"July 16, 2019",$560
1523,"July 16, 2019",$985
1524,"July 16, 2019","$1,000"
1525,"July 16, 2019",$760
1526,"July 15, 2019",$500
1527,"July 14, 2019","$1,050"
1528,"July 14, 2019",$625
1529,"July 13, 2019",$767
1530,"July 17, 2019",$925
1531,"July 17, 2019",$951
1532,"July 16, 2019",$560
1533,"July 16, 2019",$985
1534,"July 16, 2019","$1,000"
1535,"July 16, 2019",$760
1536,"July 15, 2019",$500
1537,"July 14, 2019","$1,050"
1538,"July 14, 2019",$625
1539,"July 13, 2019",$767
1540,"July 17, 2019",$925
1541,"July 17, 2019",$951
1542,"July 16, 2019",$560
1543,"July 16, 2019",$985
1544,"July 16, 2019","$1,000"
1545,"July 16, 2019",$760
1546,"July 15, 2019",$500
1547,"July 14, 2019","$1,050"
1548,"July 14, 2019",$625
1549,"July 13, 2019",$767
1550,"July 12, 2019",$650
1551,"July 12, 2019",$839
1552,"July 11, 2019",$801
1553,"July 11, 2019",$777
1554,"July 10, 2019",$700
1555,"July 10, 2019",$835
1556,"July 10, 2019",$730
1557,"July 10, 2019",$601
1558,"July 9, 2019","$1,023"
1559,"July 9, 2019",$775
1560,"July 12, 2019",$650
1561,"July 12, 2019",$839
1562,"July 11, 2019",$801
1563,"July 11, 2019",$777
1564,"July 10, 2019",$700
1565,"July 10, 2019",$835
1566,"July 10, 2019",$730
1567,"July 10, 2019",$601
1568,"July 9, 2019","$1,023"
1569,"July 9, 2019",$775
1570,"July 17, 2019",$925
1571,"July 17, 2019",$951
1572,"July 16, 2019",$560
1573,"July 16, 2019",$985
1574,"July 16, 2019","$1,000"
1575,"July 16, 2019",$760
1576,"July 15, 2019",$500
1577,"July 14, 2019","$1,050"
1578,"July 14, 2019",$625
1579,"July 13, 2019",$767
1580,"July 12, 2019",$650
1581,"July 12, 2019",$839
1582,"July 11, 2019",$801
1583,"July 11, 2019",$777
1584,"July 10, 2019",$700
1585,"July 10, 2019",$835
1586,"July 10, 2019",$730
1587,"July 10, 2019",$601
1588,"July 9, 2019","$1,023"
1589,"July 9, 2019",$775
1590,"July 17, 2019",$925
1591,"July 17, 2019",$951
1592,"July 16, 2019",$560
1593,"July 16, 2019",$985
1594,"July 16, 2019","$1,000"
1595,"July 16, 2019",$760
1596,"July 15, 2019",$500
1597,"July 14, 2019","$1,050"
1598,"July 14, 2019",$625
1599,"July 13, 2019",$767
1600,"July 17, 2019",$925
1601,"July 17, 2019",$951
1602,"July 16, 2019",$560
1603,"July 16, 2019",$985
1604,"July 16, 2019","$1,000"
1605,"July 16, 2019",$760
1606,"July 15, 2019",$500
1607,"July 14, 2019","$1,050"
1608,"July 14, 2019",$625
1609,"July 13, 2019",$767
1610,"July 12, 2019",$650
1611,"July 12, 2019",$839
1612,"July 11, 2019",$801
1613,"July 11, 2019",$777
1614,"July 10, 2019",$700
1615,"July 10, 2019",$835
1616,"July 10, 2019",$730
1617,"July 10, 2019",$601
1618,"July 9, 2019","$1,023"
1619,"July 9, 2019",$775
1620,"July 17, 2019",$925
1621,"July 17, 2019",$951
1622,"July 16, 2019",$560
1623,"July 16, 2019",$985
1624,"July 16, 2019","$1,000"
1625,"July 16, 2019",$760
1626,"July 15, 2019",$500
1627,"July 14, 2019","$1,050"
1628,"July 14, 2019",$625
1629,"July 13, 2019",$767
1630,"July 12, 2019",$650
1631,"July 12, 2019",$839
1632,"July 11, 2019",$801
1633,"July 11, 2019",$777
1634,"July 10, 2019",$700
1635,"July 10, 2019",$835
1636,"July 10, 2019",$730
1637,"July 10, 2019",$601
1638,"July 9, 2019","$1,023"
1639,"July 9, 2019",$775
1640,"July 12, 2019",$650
1641,"July 12, 2019",$839
1642,"July 11, 2019",$801
1643,"July 11, 2019",$777
1644,"July 10, 2019",$700
1645,"July 10, 2019",$835
1646,"July 10, 2019",$730
1647,"July 10, 2019",$601
1648,"July 9, 2019","$1,023"
1649,"July 9, 2019",$775
1650,"July 12, 2019",$650
1651,"July 12, 2019",$839
1652,"July 11, 2019",$801
1653,"July 11, 2019",$777
1654,"July 10, 2019",$700
1655,"July 10, 2019",$835
1656,"July 10, 2019",$730
1657,"July 10, 2019",$601
1658,"July 9, 2019","$1,023"
1659,"July 9, 2019",$775
1660,"July 12, 2019",$650
1661,"July 12, 2019",$839
1662,"July 11, 2019",$801
1663,"July 11, 2019",$777
1664,"July 10, 2019",$700
1665,"July 10, 2019",$835
1666,"July 10, 2019",$730
1667,"July 10, 2019",$601
1668,"July 9, 2019","$1,023"
1669,"July 9, 2019",$775
1670,"July 12, 2019",$650
1671,"July 12, 2019",$839
1672,"July 11, 2019",$801
1673,"July 11, 2019",$777
1674,"July 10, 2019",$700
1675,"July 10, 2019",$835
1676,"July 10, 2019",$730
1677,"July 10, 2019",$601
1678,"July 9, 2019","$1,023"
1679,"July 9, 2019",$775
1680,"July 12, 2019",$650
1681,"July 12, 2019",$839
1682,"July 11, 2019",$801
1683,"July 11, 2019",$777
1684,"July 10, 2019",$700
1685,"July 10, 2019",$835
1686,"July 10, 2019",$730
1687,"July 10, 2019",$601
1688,"July 9, 2019","$1,023"
1689,"July 9, 2019",$775
1690,"July 12, 2019",$650
1691,"July 12, 2019",$839
1692,"July 11, 2019",$801
1693,"July 11, 2019",$777
1694,"July 10, 2019",$700
1695,"July 10, 2019",$835
1696,"July 10, 2019",$730
1697,"July 10, 2019",$601
1698,"July 9, 2019","$1,023"
1699,"July 9, 2019",$775
1700,"July 12, 2019",$650
1701,"July 12, 2019",$839
1702,"July 11, 2019",$801
1703,"July 11, 2019",$777
1704,"July 10, 2019",$700
1705,"July 10, 2019",$835
1706,"July 10, 2019",$730
1707,"July 10, 2019",$601
1708,"July 9, 2019","$1,023"
1709,"July 9, 2019",$775
1710,"July 12, 2019",$650
1711,"July 12, 2019",$839
1712,"July 11, 2019",$801
1713,"July 11, 2019",$777
1714,"July 10, 2019",$700
1715,"July 10, 2019",$835
1716,"July 10, 2019",$730
1717,"July 10, 2019",$601
1718,"July 9, 2019","$1,023"
1719,"July 9, 2019",$775
1720,"July 12, 2019",$650
1721,"July 12, 2019",$839
1722,"July 11, 2019",$801
1723,"July 11, 2019",$777
1724,"July 10, 2019",$700
1725,"July 10, 2019",$835
1726,"July 10, 2019",$730
1727,"July 10, 2019",$601
1728,"July 9, 2019","$1,023"
1729,"July 9, 2019",$775
1730,"July 12, 2019",$650
1731,"July 12, 2019",$839
1732,"July 11, 2019",$801
1733,"July 11, 2019",$777
1734,"July 10, 2019",$700
1735,"July 10, 2019",$835
1736,"July 10, 2019",$730
1737,"July 10, 2019",$601
1738,"July 9, 2019","$1,023"
1739,"July 9, 2019",$775
1740,"July 12, 2019",$650
1741,"July 12, 2019",$839
1742,"July 11, 2019",$801
1743,"July 11, 2019",$777
1744,"July 10, 2019",$700
1745,"July 10, 2019",$835
1746,"July 10, 2019",$730
1747,"July 10, 2019",$601
1748,"July 9, 2019","$1,023"
1749,"July 9, 2019",$775
1750,"July 9, 2019",$950
1751,"July 8, 2019",$524
1752,"July 8, 2019",$700
1753,"July 8, 2019",$775
1754,"July 8, 2019",$760
1755,"July 7, 2019",$551
1756,"July 7, 2019",$949
1757,"July 7, 2019",$700
1758,"July 7, 2019",$750
1759,"July 6, 2019",$538
1760,"July 12, 2019",$650
1761,"July 12, 2019",$839
1762,"July 11, 2019",$801
1763,"July 11, 2019",$777
1764,"July 10, 2019",$700
1765,"July 10, 2019",$835
1766,"July 10, 2019",$730
1767,"July 10, 2019",$601
1768,"July 9, 2019","$1,023"
1769,"July 9, 2019",$775
1770,"July 9, 2019",$950
1771,"July 8, 2019",$524
1772,"July 8, 2019",$700
1773,"July 8, 2019",$775
1774,"July 8, 2019",$760
1775,"July 7, 2019",$551
1776,"July 7, 2019",$949
1777,"July 7, 2019",$700
1778,"July 7, 2019",$750
1779,"July 6, 2019",$538
1780,"July 9, 2019",$950
1781,"July 8, 2019",$524
1782,"July 8, 2019",$700
1783,"July 8, 2019",$775
1784,"July 8, 2019",$760
1785,"July 7, 2019",$551
1786,"July 7, 2019",$949
1787,"July 7, 2019",$700
1788,"July 7, 2019",$750
1789,"July 6, 2019",$538
1790,"July 9, 2019",$950
1791,"July 8, 2019",$524
1792,"July 8, 2019",$700
1793,"July 8, 2019",$775
1794,"July 8, 2019",$760
1795,"July 7, 2019",$551
1796,"July 7, 2019",$949
1797,"July 7, 2019",$700
1798,"July 7, 2019",$750
1799,"July 6, 2019",$538
1800,"July 9, 2019",$950
1801,"July 8, 2019",$524
1802,"July 8, 2019",$700
1803,"July 8, 2019",$775
1804,"July 8, 2019",$760
1805,"July 7, 2019",$551
1806,"July 7, 2019",$949
1807,"July 7, 2019",$700
1808,"July 7, 2019",$750
1809,"July 6, 2019",$538
1810,"July 9, 2019",$950
1811,"July 8, 2019",$524
1812,"July 8, 2019",$700
1813,"July 8, 2019",$775
1814,"July 8, 2019",$760
1815,"July 7, 2019",$551
1816,"July 7, 2019",$949
1817,"July 7, 2019",$700
1818,"July 7, 2019",$750
1819,"July 6, 2019",$538
1820,"July 9, 2019",$950
1821,"July 8, 2019",$524
1822,"July 8, 2019",$700
1823,"July 8, 2019",$775
1824,"July 8, 2019",$760
1825,"July 7, 2019",$551
1826,"July 7, 2019",$949
1827,"July 7, 2019",$700
1828,"July 7, 2019",$750
1829,"July 6, 2019",$538
1830,"July 9, 2019",$950
1831,"July 8, 2019",$524
1832,"July 8, 2019",$700
1833,"July 8, 2019",$775
1834,"July 8, 2019",$760
1835,"July 7, 2019",$551
1836,"July 7, 2019",$949
1837,"July 7, 2019",$700
1838,"July 7, 2019",$750
1839,"July 6, 2019",$538
1840,"July 6, 2019",$955
1841,"July 6, 2019",$690
1842,"July 5, 2019",$722
1843,"July 4, 2019",$595
1844,"July 4, 2019",$900
1845,"July 4, 2019",$865
1846,"July 3, 2019",$690
1847,"July 3, 2019",$925
1848,"July 3, 2019",$651
1849,"July 3, 2019",$590
1850,"July 9, 2019",$950
1851,"July 8, 2019",$524
1852,"July 8, 2019",$700
1853,"July 8, 2019",$775
1854,"July 8, 2019",$760
1855,"July 7, 2019",$551
1856,"July 7, 2019",$949
1857,"July 7, 2019",$700
1858,"July 7, 2019",$750
1859,"July 6, 2019",$538
1860,"July 9, 2019",$950
1861,"July 8, 2019",$524
1862,"July 8, 2019",$700
1863,"July 8, 2019",$775
1864,"July 8, 2019",$760
1865,"July 7, 2019",$551
1866,"July 7, 2019",$949
1867,"July 7, 2019",$700
1868,"July 7, 2019",$750
1869,"July 6, 2019",$538
1870,"July 9, 2019",$950
1871,"July 8, 2019",$524
1872,"July 8, 2019",$700
1873,"July 8, 2019",$775
1874,"July 8, 2019",$760
1875,"July 7, 2019",$551
1876,"July 7, 2019",$949
1877,"July 7, 2019",$700
1878,"July 7, 2019",$750
1879,"July 6, 2019",$538
1880,"July 9, 2019",$950
1881,"July 8, 2019",$524
1882,"July 8, 2019",$700
1883,"July 8, 2019",$775
1884,"July 8, 2019",$760
1885,"July 7, 2019",$551
1886,"July 7, 2019",$949
1887,"July 7, 2019",$700
1888,"July 7, 2019",$750
1889,"July 6, 2019",$538
1890,"July 9, 2019",$950
1891,"July 8, 2019",$524
1892,"July 8, 2019",$700
1893,"July 8, 2019",$775
1894,"July 8, 2019",$760
1895,"July 7, 2019",$551
1896,"July 7, 2019",$949
1897,"July 7, 2019",$700
1898,"July 7, 2019",$750
1899,"July 6, 2019",$538
1900,"July 9, 2019",$950
1901,"July 8, 2019",$524
1902,"July 8, 2019",$700
1903,"July 8, 2019",$775
1904,"July 8, 2019",$760
1905,"July 7, 2019",$551
1906,"July 7, 2019",$949
1907,"July 7, 2019",$700
1908,"July 7, 2019",$750
1909,"July 6, 2019",$538
1910,"July 6, 2019",$955
1911,"July 6, 2019",$690
1912,"July 5, 2019",$722
1913,"July 4, 2019",$595
1914,"July 4, 2019",$900
1915,"July 4, 2019",$865
1916,"July 3, 2019",$690
1917,"July 3, 2019",$925
1918,"July 3, 2019",$651
1919,"July 3, 2019",$590
1920,"July 6, 2019",$955
1921,"July 6, 2019",$690
1922,"July 5, 2019",$722
1923,"July 4, 2019",$595
1924,"July 4, 2019",$900
1925,"July 4, 2019",$865
1926,"July 3, 2019",$690
1927,"July 3, 2019",$925
1928,"July 3, 2019",$651
1929,"July 3, 2019",$590
1930,"July 6, 2019",$955
1931,"July 6, 2019",$690
1932,"July 5, 2019",$722
1933,"July 4, 2019",$595
1934,"July 4, 2019",$900
1935,"July 4, 2019",$865
1936,"July 3, 2019",$690
1937,"July 3, 2019",$925
1938,"July 3, 2019",$651
1939,"July 3, 2019",$590
1940,"July 6, 2019",$955
1941,"July 6, 2019",$690
1942,"July 5, 2019",$722
1943,"July 4, 2019",$595
1944,"July 4, 2019",$900
1945,"July 4, 2019",$865
1946,"July 3, 2019",$690
1947,"July 3, 2019",$925
1948,"July 3, 2019",$651
1949,"July 3, 2019",$590
1950,"July 6, 2019",$955
1951,"July 6, 2019",$690
1952,"July 5, 2019",$722
1953,"July 4, 2019",$595
1954,"July 4, 2019",$900
1955,"July 4, 2019",$865
1956,"July 3, 2019",$690
1957,"July 3, 2019",$925
1958,"July 3, 2019",$651
1959,"July 3, 2019",$590
1960,"July 6, 2019",$955
1961,"July 6, 2019",$690
1962,"July 5, 2019",$722
1963,"July 4, 2019",$595
1964,"July 4, 2019",$900
1965,"July 4, 2019",$865
1966,"July 3, 2019",$690
1967,"July 3, 2019",$925
1968,"July 3, 2019",$651
1969,"July 3, 2019",$590
1970,"July 3, 2019",$940
1971,"July 3, 2019",$935
1972,"July 3, 2019",$950
1973,"July 3, 2019",$605
1974,"July 2, 2019",$680
1975,"July 2, 2019",$901
1976,"July 2, 2019","$1,100"
1977,"July 2, 2019",$960
1978,"July 2, 2019",$750
1979,"July 1, 2019",$570
1980,"July 3, 2019",$940
1981,"July 3, 2019",$935
1982,"July 3, 2019",$950
1983,"July 3, 2019",$605
1984,"July 2, 2019",$680
1985,"July 2, 2019",$901
1986,"July 2, 2019","$1,100"
1987,"July 2, 2019",$960
1988,"July 2, 2019",$750
1989,"July 1, 2019",$570
1990,"June 30, 2019",$838
1991,"June 29, 2019",$770
1992,"June 29, 2019",$795
1993,"June 28, 2019",$915
1994,"June 28, 2019",$842
1995,"June 28, 2019",$860
1996,"June 28, 2019",$675
1997,"June 28, 2019",$756
1998,"June 28, 2019",$853
