,ful_name,avg_price_raw
0,Nike Dunk SB Low Paris,"Avg Sale: $34,489"
1,Nike MAG Back to the Future (2016),"Avg Sale: $26,746"
2,Jordan 4 Retro Eminem Encore,"Avg Sale: $23,726"
3,Jordan 4 Retro Eminem Encore (2017),"Avg Sale: $15,530"
4,Jordan 4 Retro Travis Scott Purple (Friends and Family),"Avg Sale: $14,344"
5,Jordan 4 Retro UNDFTD (2018 Sample),"Avg Sale: $13,805"
6,Nike Dunk SB Low Yellow Lobster,"Avg Sale: $13,082"
7,Jordan Kobe PE Pack 3/8,"Avg Sale: $10,919"
8,Nike Dunk SB Low Freddy Krueger,"Avg Sale: $10,498"
9,Nike Air VaporMax 2019 Cactus Plant Flea Market (W) (F&F),"Avg Sale: $10,353"
10,Jordan 1 Retro High Dior,"Avg Sale: $10,339"
11,Nike MAG Back to the Future (2011),"Avg Sale: $9,693"
12,Jordan 1 Retro Legends of Summer Red Glitter,"Avg Sale: $8,628"
13,Jordan 5 Retro Tokyo T23 (Sample),"Avg Sale: $8,628"
14,Jordan 4 Retro Eminem Carhartt,"Avg Sale: $8,354"
15,Jordan 3 Retro DJ Khaled Father of Asahd,"Avg Sale: $7,897"
16,Jordan 1 Retro Low Dior,"Avg Sale: $7,859"
17,Jordan 4 Retro Wahlburgers,"Avg Sale: $7,765"
18,Nike Air Force 1 Low Kith,"Avg Sale: $7,334"
19,Nike Air Yeezy 2 Red October,"Avg Sale: $7,095"
20,Nike SB Dunk Low London,"Avg Sale: $7,045"
21,Jordan 4 Retro UNC (PE),"Avg Sale: $6,767"
22,Jordan 1 Retro Fragment Friends and Family,"Avg Sale: $6,661"
23,Nike SB Dunk Low Tokyo,"Avg Sale: $6,211"
24,Nike Air Force 1 Low 1World CLOT,"Avg Sale: $6,193"
25,Louis Vuitton Dons Kanye Patchwork,"Avg Sale: $6,153"
26,Jordan 1 Retro Legends Of Summer Black,"Avg Sale: $6,040"
27,Nike Air Force 1 Low x Eminem 'Shady Records' Black,"Avg Sale: $6,040"
28,adidas Human Race NMD Pharrell x Chanel,"Avg Sale: $5,826"
29,Nike SB Dunk Low Reese Forbes Denim,"Avg Sale: $5,815"
30,Jordan 1 Retro Dave White Wings For the Future Gold,"Avg Sale: $5,684"
31,Jordan 1 Retro High colette (F&F),"Avg Sale: $5,619"
32,Nike Dunk SB Low What the Dunk,"Avg Sale: $5,591"
33,Jordan 3 Retro Tinker Oregon Ducks PE,"Avg Sale: $5,421"
34,Jordan 3 Retro DJ Khaled Another One,"Avg Sale: $5,306"
35,Jordan 1 OG Chicago (1985),"Avg Sale: $5,303"
36,Jordan 4 Retro Oregon Ducks,"Avg Sale: $5,190"
37,Jordan 4 Retro Florida Gators (PE),"Avg Sale: $5,177"
38,Jordan 5 Retro Quai 54 Friends and Family,"Avg Sale: $5,177"
39,Jordan 3 Retro Solefly Lotto,"Avg Sale: $5,177"
40,Nike SB Dunk High 420 Reverse Skunk (Special Box),"Avg Sale: $5,067"
41,Nike Air Force 1 Low 1WORLD CLOT (Special Box),"Avg Sale: $4,961"
42,Nike Dunk SB Low Michael Lau Gardener Wood,"Avg Sale: $4,833"
43,Jordan 2 Retro Legends Of Summer,"Avg Sale: $4,810"
44,Louis Vuitton Jaspers Kanye Patchwork Grey/Pink,"Avg Sale: $4,746"
45,Jordan 1 Retro High Oklahoma Sooners PE,"Avg Sale: $4,702"
46,Jordan 5 Retro Trophy Room University Red (F&F),"Avg Sale: $4,644"
47,Jordan 1 Retro Legends of Summer Red,"Avg Sale: $4,574"
48,Jordan 4 Retro Georgetown (PE),"Avg Sale: $4,562"
49,Nike Air Yeezy 2 Solar Red,"Avg Sale: $4,497"
50,Jordan 5 Retro Oregon Ducks,"Avg Sale: $4,386"
51,Nike Dunk SB Low Red Lobster (Special Box),"Avg Sale: $4,216"
52,Nike Air Force 1 '07 Virgil x MoMA (With Socks),"Avg Sale: $4,176"
53,Nike SB Dunk Low Girls Don't Cry (F&F),"Avg Sale: $4,163"
54,A Bathing Ape Bapesta Kanye West College Dropout,"Avg Sale: $4,116"
55,NikeCraft Mars Yard Shoe 1.0 Tom Sachs Space Camp,"Avg Sale: $4,110"
56,Jordan 1 Retro High OG Legends Of Summer Black 3M (Sample),"Avg Sale: $3,979"
57,Nike SB Dunk High Reverse Skunk 420 (Regular Box),"Avg Sale: $3,951"
58,Jordan 1 Retro Just Don BHM Black,"Avg Sale: $3,949"
59,Nike Air Foamposite One Tianjin,"Avg Sale: $3,909"
60,Nike Air Force 1 Low CLOT Spider Web,"Avg Sale: $3,883"
61,Nike Kobe 1 81 Points PE,"Avg Sale: $3,883"
62,Nike Air Yeezy 2 Pure Platinum,"Avg Sale: $3,820"
63,Nike Kobe 1 Protro Undefeated Flight Jacket,"Avg Sale: $3,790"
64,Jordan 13 Retro Oregon Ducks (F&F),"Avg Sale: $3,768"
65,Jordan 1 Retro High Michigan PE,"Avg Sale: $3,710"
66,Jordan 5 Retro Fab Five PE,"Avg Sale: $3,710"
67,Nike Kobe 1 Protro Undefeated Purple (F&F),"Avg Sale: $3,652"
68,Jordan 1 Retro High Rust Pink,"Avg Sale: $3,648"
69,Nike Air Force 1 Low VLONE (2017),"Avg Sale: $3,646"
70,Nike Kobe 9 Elite Premium Low HTM Milan Black Multi-Color,"Avg Sale: $3,628"
71,Jordan 4 Retro Oklahoma Sooners PE,"Avg Sale: $3,618"
72,Jordan 1 Retro High Igloo,"Avg Sale: $3,615"
73,Jordan 4 Retro Marquette (PE),"Avg Sale: $3,585"
74,Jordan 3 Retro Oregon Ducks Pit Crew Black,"Avg Sale: $3,581"
75,Nike Air Foamposite One ParaNorman,"Avg Sale: $3,569"
76,Nike Dunk SB Low Supreme Black Cement (2002),"Avg Sale: $3,551"
77,Nike Air Force 1 High Vlone Paris Fashion Week,"Avg Sale: $3,542"
78,Jordan 4 Retro Michigan (PE),"Avg Sale: $3,466"
79,NikeCraft Mars Yard Shoe 2.0 Tom Sachs Space Camp,"Avg Sale: $3,456"
80,Nike Air Force 1 Low Ueno Sakura (2005),"Avg Sale: $3,451"
81,Nike Air Max 1 Powerwall Pink,"Avg Sale: $3,451"
82,Nike LeBron 9 What the LeBron,"Avg Sale: $3,451"
83,Jordan 1 Retro High Off-White Chicago,"Avg Sale: $3,410"
84,Nike Dunk High Pro SB Supreme Blue Stars,"Avg Sale: $3,399"
85,adidas NMD R1 Pharrell HU Friends and Family Burgundy,"Avg Sale: $3,357"
86,Nike Air Force 1 Low Entourage George,"Avg Sale: $3,357"
87,Nike Air Force 1 Low Virgil Abloh Off-White (AF100),"Avg Sale: $3,292"
88,Jordan 1 Retro Just Don BHM,"Avg Sale: $3,279"
89,Jordan 1 Retro High SoleFly Art Basel Black,"Avg Sale: $3,234"
90,adidas Pharrell NMD HU China Pack Happy (Gold) (Friends and Family),"Avg Sale: $3,196"
91,"Nike Air Max 1 Parra Patta ""Cherrywood""","Avg Sale: $3,182"
92,Jordan 6 Retro Oregon Ducks,"Avg Sale: $3,171"
93,Nike Air Force 1 Low SBTG x Staple Pigeon Fury,"Avg Sale: $3,063"
94,Nike SB Dunk High Supreme Orange,"Avg Sale: $3,055"
95,Nike Air Max 1 AMS Parra Amsterdam,"Avg Sale: $3,054"
96,Nike Air Yeezy 1 Blink,"Avg Sale: $3,050"
97,Nike Dunk High Pro SB Supreme Red Stars,"Avg Sale: $3,033"
98,Nike Air Max 90 Dizzee Rascal Tongue N Cheek,"Avg Sale: $3,020"
99,Nike Air Force 1 Low Supreme I/O Michael Lau,"Avg Sale: $2,969"
100,adidas Ultra Boost Uncaged Parley For the Oceans,"Avg Sale: $2,891"
101,Nike SB Dunk Low 7 Eleven,"Avg Sale: $2,859"
102,Jordan 5 Retro Fresh Prince (F&F),"Avg Sale: $2,850"
103,Jordan 2 Retro Eminem (The Way I Am),"Avg Sale: $2,791"
104,Jordan 3 Retro UNC PE,"Avg Sale: $2,779"
105,Nike Dunk SB Low Medicom 2,"Avg Sale: $2,775"
106,Jordan 1 Retro High TedX PDX Perfect Black,"Avg Sale: $2,740"
107,Jordan 1 Retro High OG Spike Lee Fort Greene,"Avg Sale: $2,733"
108,Jordan 1 Retro Fragment,"Avg Sale: $2,731"
109,Jordan 3 Retro Oregon Ducks Pit Crew White,"Avg Sale: $2,691"
110,Jordan 1 Retro High Satin Banned (Promo Sample),"Avg Sale: $2,679"
111,Nike SB Dunk Low Grateful Dead Bears Orange,"Avg Sale: $2,667"
112,Nike Air Force 1 Low 1World KAWS,"Avg Sale: $2,663"
113,Jordan 1 Retro High Off-White White,"Avg Sale: $2,658"
114,Nike Air Force 1 '07 Virgil x MoMA (No Socks),"Avg Sale: $2,640"
115,Jordan 4 Retro Travis Scott Cactus Jack (F&F),"Avg Sale: $2,634"
116,Nike Air Max 90 Warhawk,"Avg Sale: $2,611"
117,Nike Kobe 9 Elite Premium Low HTM Milan White Multi-Color,"Avg Sale: $2,610"
118,adidas NMD Hu Pharrell Respira (F&F),"Avg Sale: $2,592"
119,Nike LeBron 4 Fruity Pebbles,"Avg Sale: $2,589"
120,Jordan 4 Retro UNDFTD,"Avg Sale: $2,589"
121,Nike Air Force 1 High Vlone Black University Gold,"Avg Sale: $2,584"
122,Nike LeBron 8 James Dean Denim,"Avg Sale: $2,546"
123,Nike SB Dunk Low Ben & Jerry's Chunky Dunky (F&F Packaging),"Avg Sale: $2,522"
124,Nike Dunk SB Low Heineken,"Avg Sale: $2,515"
125,"Jordan 1 Retro Satin ""Banned""","Avg Sale: $2,514"
126,Nike Kyrie 3 Ray Gun,"Avg Sale: $2,508"
127,Jordan 14 Retro Oregon Ducks PE Green,"Avg Sale: $2,464"
128,Nike Air Force 1 Low G-Dragon Peaceminusone Para-Noise (Korea exclusive),"Avg Sale: $2,442"
129,Nike SB Dunk Low Parra F&F (2019),"Avg Sale: $2,434"
130,Jordan 1 Retro High Charlotte Hornets Foundation Black,"Avg Sale: $2,383"
131,Nike SB Dunk Low Diamond Supply Co Canary Diamond (Friends and Family),"Avg Sale: $2,376"
132,Nike Dunk SB Low Supreme White Cement (2002),"Avg Sale: $2,359"
133,Jordan 10 Retro SoleFly (Friends and Family),"Avg Sale: $2,331"
134,Jordan 5 Retro Tokyo T23,"Avg Sale: $2,295"
135,Louis Vuitton Trainers Orange MCA,"Avg Sale: $2,198"
136,Nike Air Yeezy 1 Zen Grey,"Avg Sale: $2,167"
137,Nike Air Max 1 Lemonade,"Avg Sale: $2,160"
138,Nike Cavs Court SPO - LeBron 1 Air Zoom Generation Retro First Game (2017),"Avg Sale: $2,157"
139,Nike SB Dunk High Iron Maiden,"Avg Sale: $2,157"
140,Nike Kyrie 4 Concepts Yellow Lobster,"Avg Sale: $2,143"
141,Nike Air Yeezy 2 John Geiger x LASCO Golden Child,"Avg Sale: $2,094"
142,Nike Dunk Low Cowboy (Sole Collector),"Avg Sale: $2,071"
143,Louis Vuitton Don Kanye Red,"Avg Sale: $2,071"
144,Nike Air Yeezy 1 Net Tan,"Avg Sale: $2,046"
145,Jordan 3 Retro Michigan PE,"Avg Sale: $2,029"
146,Jordan 5 Retro Michigan PE,"Avg Sale: $1,985"
147,New Balance 990v3 JJJJound,"Avg Sale: $1,942"
148,Jordan 14 Retro Oregon Ducks PE Grey,"Avg Sale: $1,940"
149,Nike Air Foamposite Lite ASG Kryptonate,"Avg Sale: $1,924"
150,Jordan 7 Retro Oregon Ducks PE,"Avg Sale: $1,920"
151,Nike SB Dunk Low Entourage (F&F),"Avg Sale: $1,918"
152,Nike Air Force 1 Low Playstation,"Avg Sale: $1,899"
153,Nike Dunk High Pro SB Unkle,"Avg Sale: $1,890"
154,Louis Vuitton LV Trainer Sneaker Mid White Red,"Avg Sale: $1,877"
155,Nike LeBron 15 Lifestyle Kith F&F White,"Avg Sale: $1,877"
156,Nike Kobe 6 FC Barcelona Mango,"Avg Sale: $1,870"
157,Chanel Sneakers Pharrell White Multi-Color,"Avg Sale: $1,842"
158,Dior B22 Blue Black,"Avg Sale: $1,816"
159,Nike SB Blazer Supreme Red (2006),"Avg Sale: $1,811"
160,Nike Air Presto Off-White,"Avg Sale: $1,810"
161,Nike Air Force 1 Low Mark Smith Cashmere Laser,"Avg Sale: $1,785"
162,Nike Air Max 1 B Atmos Viotech,"Avg Sale: $1,769"
163,Nike SB Blazer Supreme Black (2006),"Avg Sale: $1,763"
164,adidas 3D Runner Black,"Avg Sale: $1,753"
165,"Nike Dunk SB Low Diamond Supply Co. ""Tiffany""","Avg Sale: $1,735"
166,Nike Air Max 1 Parra 2018 (Friends & Family),"Avg Sale: $1,732"
167,Jordan 1 Retro High Charlotte Hornets Foundation White,"Avg Sale: $1,728"
168,Nike Mercurial Superfly VI Elite CR7 FG Chapter 6 Special Edition,"Avg Sale: $1,726"
169,New Balance 1500 PRVDR,"Avg Sale: $1,726"
170,"Vans Chukka Boot LX Kaws ""The Simpsons"" (2007)","Avg Sale: $1,726"
171,Nike Dunk Low Emb Fileteado,"Avg Sale: $1,726"
172,Nike Kobe 9 Elite Premium Low HTM Milan Black,"Avg Sale: $1,726"
173,Converse Chuck Taylor All Star 70s Hi Kith x Coca Cola Golden Rod/Dress Blues (Friends and Family),"Avg Sale: $1,726"
174,Nike Kobe A.D. PK80,"Avg Sale: $1,725"
175,Nike Air Max 90 Kaws Black Volt,"Avg Sale: $1,712"
176,Jordan 1 Retro High Think 16 (Pass the Torch),"Avg Sale: $1,710"
177,Nike Air Force 1 Low Clot Rose Gold Silk (Special Box),"Avg Sale: $1,710"
178,Louis Vuitton LV Trainer Sneaker Boot High White Blue,"Avg Sale: $1,698"
179,adidas Y-3 Runner 4D Black White,"Avg Sale: $1,683"
180,Chanel Sneakers Pharrell White Multi-Color (W),"Avg Sale: $1,681"
181,Nike Dunk SB Low Day of the Dead,"Avg Sale: $1,670"
182,Nike Air Force 1 High Vlone Black White,"Avg Sale: $1,654"
183,adidas Yeezy Boost 750 OG Light Brown,"Avg Sale: $1,649"
184,Nike Dunk SB Low Blue Lobster (Special Box),"Avg Sale: $1,635"
185,Chanel Low Top Trainer CC Grey,"Avg Sale: $1,631"
186,Nike Kyrie 3 Luck,"Avg Sale: $1,631"
187,Jordan 4 Retro Lightning,"Avg Sale: $1,622"
188,Jordan 10 Retro PSNY Black,"Avg Sale: $1,618"
189,Nike Air Force 1 Low Off-White MCA University Blue,"Avg Sale: $1,616"
190,adidas NMD HU Pharrell Y.O.U. N.E.R.D.,"Avg Sale: $1,616"
191,Louis Vuitton Trainer Sneaker White Iridescent,"Avg Sale: $1,605"
192,Nike Air Force 1 Low Off-White,"Avg Sale: $1,584"
193,Nike Dunk High Cowboy (Sole Collector),"Avg Sale: $1,582"
194,Nike Dunk SB Low Stussy Cherry,"Avg Sale: $1,581"
195,Dior B22 White Khaki,"Avg Sale: $1,553"
196,Louis Vuitton Trainer High Top Grey,"Avg Sale: $1,553"
197,Nike LeBron 8 V/2 Low Miami Nights,"Avg Sale: $1,553"
198,Ice Cream Diamond and Dollar Made In Italy White,"Avg Sale: $1,553"
199,Nike Air Max 1 Patta 5th Anniv Green,"Avg Sale: $1,553"
200,Jordan 13 Retro Ray Allen PE,"Avg Sale: $1,547"
201,Nike SB Dunk Low Travis Scott (Special Box),"Avg Sale: $1,547"
202,Nike LeBron X Celebration Pack,"Avg Sale: $1,545"
203,Chanel Low Top Trainer CC White Navy (W),"Avg Sale: $1,532"
204,adidas Superstar Prada (Without Bowling Bag),"Avg Sale: $1,532"
205,Nike SB Blazer Supreme White (2006),"Avg Sale: $1,532"
206,"Jordan 1 Retro Satin ""Royal""","Avg Sale: $1,522"
207,Diadora V7000 Afew the Cure Friends and Family,"Avg Sale: $1,521"
208,Nike Air Force 1 Low Year of the Dog (2018),"Avg Sale: $1,517"
209,adidas Futurecraft 4D Invincible Prism,"Avg Sale: $1,516"
210,Nike Air Max 1/97 Sean Wotherspoon (All Accessories and Dustbag),"Avg Sale: $1,515"
211,Louis Vuitton Trainer Black White,"Avg Sale: $1,514"
212,Jordan 1 Retro High Off-White White (GS),"Avg Sale: $1,513"
213,Nike Air Force 1 Low CLOT x DSM Silk,"Avg Sale: $1,510"
214,Jordan 1 Retro Banned (2011),"Avg Sale: $1,505"
215,Jordan 4 Retro Kaws,"Avg Sale: $1,503"
216,Jordan 3 Retro Interscope Records Black Cement,"Avg Sale: $1,489"
217,Nike SB Dunk Low Grateful Dead Bears Green,"Avg Sale: $1,471"
218,Jordan 1 Retro XQ (2013),"Avg Sale: $1,465"
219,Nike Air Max 97 MSCHF x INRI Jesus Shoes,"Avg Sale: $1,459"
220,Nike Dunk SB Low Supreme Red Cement (2012),"Avg Sale: $1,455"
221,Nike Zoom Vaporfly Elite Flyprint Chicago/NYC Marathon/Tokyo 2019,"Avg Sale: $1,454"
222,Nike LeBron X What the MVP,"Avg Sale: $1,444"
223,Jordan 1 Retro Chicago (1994),"Avg Sale: $1,438"
224,Jordan 1 Retro Black Metallic Gold (2013),"Avg Sale: $1,427"
225,Nike LeBron 7 Kentucky Away PE,"Avg Sale: $1,424"
226,Dior B22 Silver Black,"Avg Sale: $1,416"
227,Nike SB Dunk Low Ben & Jerry's Chunky Dunky,"Avg Sale: $1,412"
228,Nike Air Force 1 High A-COLD-WALL,"Avg Sale: $1,411"
229,Jordan 12 Retro PSNY Michigan,"Avg Sale: $1,407"
230,adidas Futurecraft 4D Black,"Avg Sale: $1,404"
231,Nike LeBron 9 Low LeBronald Palmer,"Avg Sale: $1,402"
232,Jordan New Beginnings Pack Retro High 1 & Nike Air Ship,"Avg Sale: $1,396"
233,Nike SB Dunk Low Grateful Dead Bears Opti Yellow,"Avg Sale: $1,392"
234,Chanel Low Top Trainer CC Dark Grey,"Avg Sale: $1,386"
235,adidas NMD R1 NYC Red Apple,"Avg Sale: $1,381"
236,Nike LeBron 15 Lifestyle KITH King's Crown,"Avg Sale: $1,378"
237,Nike Air Force 1 Low A Ma Maniere Black,"Avg Sale: $1,377"
238,Louis Vuitton Trainer Sneaker Transparent,"Avg Sale: $1,361"
239,Nike Air Max 1 G Masters,"Avg Sale: $1,359"
240,"Jordan 1 TedX PDX ""Perfect""","Avg Sale: $1,359"
241,Nike Air Max 1 Patta 5th Anniv Denim,"Avg Sale: $1,349"
242,Nike Kobe 8 Shanghai Fireworks,"Avg Sale: $1,346"
243,Jordan 23 Titanium (Numbered Edition),"Avg Sale: $1,346"
244,"Jordan 1 Retro High ""Not for Resale"" Varsity Maize","Avg Sale: $1,345"
245,Nike Dunk SB High Skunk 420,"Avg Sale: $1,339"
246,Jordan 1 Retro High SoleFly Art Basel Sail,"Avg Sale: $1,334"
247,Louis Vuitton LV Trainer Sneaker Low Black Grey,"Avg Sale: $1,314"
248,Nike Air Woven Colette,"Avg Sale: $1,304"
249,Chanel Low Top Trainer Navy Velvet,"Avg Sale: $1,302"
250,"ASICS Gel-Lyte III Ronnie Fieg ""Salmon Toes""","Avg Sale: $1,295"
251,Louis Vuitton Luxembourg Sneaker White Monogram,"Avg Sale: $1,295"
252,Nike LeBron 9 Low Reverse LeBronald Palmer,"Avg Sale: $1,295"
253,Nike Dunk High fragment Design City Pack London,"Avg Sale: $1,295"
254,Li-Ning Way of Wade Sting Wade All Star Purple,"Avg Sale: $1,295"
255,Jordan 9 Retro Michigan PE,"Avg Sale: $1,295"
256,Nike LeBron 16 Be True (2019) (Sample),"Avg Sale: $1,295"
257,Dior B22 Green Silver,"Avg Sale: $1,287"
258,Dior B23 Ripstop Black,"Avg Sale: $1,283"
259,Versace Chain Reaction High x Kith,"Avg Sale: $1,278"
260,Jordan 1 Retro High Off-White University Blue,"Avg Sale: $1,275"
261,Jordan 4 Retro Quai 54,"Avg Sale: $1,273"
262,Louis Vuitton LV Trainer Sneaker Boot High Black Grey,"Avg Sale: $1,258"
263,Dior B22 Blue White,"Avg Sale: $1,257"
264,Nike Air Max 90 OFF-WHITE,"Avg Sale: $1,254"
265,Chanel Low Top Trainer CC Suede Tweed,"Avg Sale: $1,251"
266,Nike Dunk Low Splatter,"Avg Sale: $1,251"
267,Chanel Low Top Trainer Brown Green,"Avg Sale: $1,248"
268,Jordan 3 Retro Quai54 2018 (Friends & Family),"Avg Sale: $1,248"
269,Nike Blazer Mid Off-White,"Avg Sale: $1,240"
270,Nike Kobe 6 Grinch,"Avg Sale: $1,239"
271,adidas Yeezy Boost 350 Turtledove,"Avg Sale: $1,239"
272,Chanel Low Top Trainer CC Triple Black Suede,"Avg Sale: $1,239"
273,Dior B22 Yellow Black,"Avg Sale: $1,238"
274,Jordan 3 Retro Seoul,"Avg Sale: $1,235"
275,Jordan 1 Mid Xbox E3 (2018),"Avg Sale: $1,234"
276,Jordan 4 Retro Doernbecher,"Avg Sale: $1,233"
277,Louis Vuitton LV Trainer Sneaker Low White Green,"Avg Sale: $1,226"
278,B22 Blue Yellow,"Avg Sale: $1,222"
279,Louis Vuitton Trainer Sneaker Denim Monogram,"Avg Sale: $1,215"
280,Jordan 5 Retro Paris Saint-Germain White (F&F),"Avg Sale: $1,213"
281,Nike SB Dunk High Strawberry Cough,"Avg Sale: $1,212"
282,Nike Kobe 9 Elite Premium QS Volt,"Avg Sale: $1,211"
283,adidas NMD HU Pharrell Human Race Yellow,"Avg Sale: $1,208"
284,Chanel Mesh Lycra Black White,"Avg Sale: $1,208"
285,Dior B22 White Blue,"Avg Sale: $1,206"
286,Louis Vuitton LVXLOL Arclight Trainer Black Blue (W),"Avg Sale: $1,204"
287,adidas Super Ape Star Bape,"Avg Sale: $1,203"
288,Nike Dunk SB Low Red Lobster,"Avg Sale: $1,200"
289,Jordan 1 Retro Bred (1994),"Avg Sale: $1,199"
290,Louis Vuitton Archlight Trainer Metallic Silver (W),"Avg Sale: $1,195"
291,Nike Air Foamposite One NRG Galaxy,"Avg Sale: $1,193"
292,Nike Dunk SB High HUF,"Avg Sale: $1,188"
293,Jordan 5 Retro Trophy Room Ice Blue,"Avg Sale: $1,187"
294,Jordan 4 Retro Off-White Sail (W),"Avg Sale: $1,185"
295,Dior B22 Yellow Blue,"Avg Sale: $1,182"
296,Nike Zoom Vaporfly Elite Black Atmosphere Grey,"Avg Sale: $1,181"
297,Dior And Shawn B23 High Top Bee Embroidery,"Avg Sale: $1,174"
298,Jordan 1 Retro High Travis Scott,"Avg Sale: $1,172"
299,adidas Ultra Boost Mid Ronnie Fieg Friends and Family White,"Avg Sale: $1,172"
300,Jordan 2 Retro Just Don Arctic Orange (Mens Sizes),"Avg Sale: $1,172"
301,Dior B23 High Top Blue,"Avg Sale: $1,168"
302,Jordan 1 Retro High Union Los Angeles Black Toe,"Avg Sale: $1,164"
303,Nike Air Huarache Oregon Duckrache (Unsigned),"Avg Sale: $1,164"
304,Nike Dunk SB Low Blue Lobster,"Avg Sale: $1,163"
305,Nike Air Force 1 Low Kith Japan,"Avg Sale: $1,152"
306,Nike Kyrie 5 Sneaker Room Mom Black,"Avg Sale: $1,150"
307,Nike Air VaporMax Off-White,"Avg Sale: $1,149"
308,Dior B23 High Top Daniel Arsham Light Blue,"Avg Sale: $1,138"
309,Louis Vuitton Archlight Trainer Yellow (W),"Avg Sale: $1,132"
310,Dior B22 Pale Pink Grey,"Avg Sale: $1,131"
311,Dior B22 White Pink,"Avg Sale: $1,127"
312,ASICS Gel-Lyte III La MJC x Colette,"Avg Sale: $1,126"
313,Nike SB Dunk Low Orange Flash,"Avg Sale: $1,117"
314,Jordan 1 Retro High Union Los Angeles Blue Toe,"Avg Sale: $1,113"
315,Dior B23 High Canvas Sorayama Robot Black,"Avg Sale: $1,113"
316,Chanel Low Top Trainer CC Beige Wool (W),"Avg Sale: $1,113"
317,Louis Vuitton Trainer Low Top Grey,"Avg Sale: $1,107"
318,Nike Air Max 90 Kaws White Volt,"Avg Sale: $1,102"
319,"Nike Air Max 1 NL SP Clot ""Kiss of Death"" (2006)","Avg Sale: $1,099"
320,Nike Kobe Aston Martin Pack V/Hyperdunk,"Avg Sale: $1,090"
321,Jordan 1 Retro J2K High Multi-Color,"Avg Sale: $1,088"
322,Nike React Element 87 Sneakerroom Breast Cancer Awareness Swarovski,"Avg Sale: $1,088"
323,Converse Chuck Taylor All-Star Vulcanized Hi Off-White,"Avg Sale: $1,084"
324,Dior And Shawn B23 High Top,"Avg Sale: $1,079"
325,Louis Vuitton Arclight Trainer Rose Pop (W),"Avg Sale: $1,079"
326,Nike Dunk High Dubai,"Avg Sale: $1,075"
327,Nike Dunk Low Pro SB Futura,"Avg Sale: $1,073"
328,Nike Dunk SB High Papa Bear,"Avg Sale: $1,071"
329,Balenciaga Triple S Red Clear Sole (W),"Avg Sale: $1,064"
330,"Nike Air Max 90 Patta ""Homegrown Grass""","Avg Sale: $1,062"
331,Nike SB Dunk Low Verdy Girls Don't Cry,"Avg Sale: $1,062"
332,Nike Dunk SB Low Baby Bear,"Avg Sale: $1,062"
333,Chanel Low Top Trainer CC Triple White,"Avg Sale: $1,061"
334,Nike Air Force 1 Low 40/40 Club White Black,"Avg Sale: $1,057"
335,Nike SB Dunk Low Green Hemp,"Avg Sale: $1,054"
336,Nike Air Max 1 Animal Pack,"Avg Sale: $1,050"
337,Nike Air Max 97 Off-White,"Avg Sale: $1,050"
338,Vans Era colette Cobra Snake,"Avg Sale: $1,042"
339,Dior B22 Reflective Black,"Avg Sale: $1,037"
340,Louis Vuitton Archlight Trainer Monogram White (W),"Avg Sale: $1,036"
341,Nike Air Foamposite Pro Voltage,"Avg Sale: $1,036"
342,Louis Vuitton Sport Supreme White Monogram,"Avg Sale: $1,031"
343,Jordan XXXIV Paris (Friends and Family),"Avg Sale: $1,030"
344,Nike Air Force 1 Low Patta Asia Tour Bespoke,"Avg Sale: $1,029"
345,"Jordan 1 Retro Satin ""Royal"" (GS)","Avg Sale: $1,027"
346,adidas Futurecraft 4D Daniel Arsham,"Avg Sale: $1,027"
347,Nike Dunk High N.E.R.D. Pharrell,"Avg Sale: $1,027"
348,Nike Kobe 1 Protro Undefeated Yellow Camo (La Brea),"Avg Sale: $1,020"
349,Dior B23 High Canvas Sorayama Dinosaur Navy,"Avg Sale: $1,019"
350,Nike SB Blazer Milk Crate,"Avg Sale: $1,018"
351,Dior B22 Red,"Avg Sale: $1,015"
352,Nike Dunk SB Low Purple Pigeon,"Avg Sale: $1,014"
353,Nike SB Dunk Low Travis Scott (Regular Box),"Avg Sale: $1,013"
354,Dior B23 High Top Gradient Blue,"Avg Sale: $1,006"
355,Nike Kobe 11 Elite Low Black Mamba Collection Fade to Black,"Avg Sale: $1,006"
356,Nike Air Max 97 UNDFTD Green,"Avg Sale: $1,003"
357,Jordan 1 Retro High OG Quai54 (F&F),Avg Sale: $998
358,Chanel Low Top Trainer CC Blue,Avg Sale: $993
359,Nike Air Foamposite One Supreme Black,Avg Sale: $991
360,Louis Vuitton Archlight Trainer Rose Clair (W),Avg Sale: $990
361,Nike Hyperdunk Marty McFly,Avg Sale: $987
362,Dior B22 Orange Red,Avg Sale: $987
363,Louis Vuitton Archlight Trainer Monogram Black (W),Avg Sale: $987
364,Jordan 13 Retro Premio Bin 23,Avg Sale: $987
365,Nike Dunk SB High Lucky 7,Avg Sale: $985
366,Jordan 1 Retro Shattered Backboard,Avg Sale: $983
367,Dior B22 Blue Black Gray,Avg Sale: $983
368,Dior B23 High Top Multicolor Oblique,Avg Sale: $982
369,Jordan 7 Retro Miro,Avg Sale: $982
370,Yeezy Neoprene Slipper Season 7 Aqua,Avg Sale: $981
371,Nike Air Foamposite One Dark Army (HOH),Avg Sale: $981
372,Li-Ning Way of Wade 2 All Star Black (2014),Avg Sale: $980
373,Nike Air Max 1 Urawa,Avg Sale: $980
374,Nike Air Force 1 Low Travis Scott (AF100),Avg Sale: $979
375,ASICS Gel-Burz 1 Kiko Kostadinov Limeade,Avg Sale: $978
376,Dior B22 Black,Avg Sale: $977
377,Nike Air Precision Black/White-Cool Grey,Avg Sale: $977
378,Jordan x Max Atmos Pack,Avg Sale: $975
379,Nike Air Max 180 Opium,Avg Sale: $971
380,"Nike Air Max 97 Off-White Elemental Rose Serena ""Queen""",Avg Sale: $970
381,Dior Walk'N'Dior Oblique Knit (W),Avg Sale: $970
382,Nike Kobe 1 Protro Devin Booker PE,Avg Sale: $970
383,Nike Kyrie 4 London,Avg Sale: $968
384,"Nike Blazer Mid Off-White Wolf Grey Serena ""Queen""",Avg Sale: $962
385,Fear Of God Military Sneaker Army Green,Avg Sale: $962
386,adidas Human Race NMD Pharrell x BBC Cotton Candy,Avg Sale: $962
387,Nike Dunk SB Low Jedi,Avg Sale: $960
388,Nike Air Fear Of God 1 Yellow,Avg Sale: $959
389,Dior B23 Low Top Alex Foxton Oblique,Avg Sale: $958
390,Dior B23 Low Top Gradient Blue,Avg Sale: $958
391,Nike SB Dunk Low Panda Pigeon (Special Box) (Engraved),Avg Sale: $957
392,adidas Yeezy Boost 350 V2 Synth (Reflective),Avg Sale: $956
393,Nike SB Dunk High Paul Brown,Avg Sale: $955
394,Nike Wing Tip Tom Sachs x Cole Hann Mission Control,Avg Sale: $950
395,Jordan 4 Retro Do the Right Thing Pack,Avg Sale: $950
396,Nike HyperAdapt 1.0 White,Avg Sale: $943
397,Balenciaga Triple S Neon Green Clear Sole,Avg Sale: $943
398,Dior B22 Blue Gold,Avg Sale: $943
399,Louis Vuitton Cosy Mule Monogram Denim,Avg Sale: $939
400,Dior B24 Blue,Avg Sale: $938
401,Jordan 9 Retro Premio Bin 23,Avg Sale: $936
402,adidas Yeezy Boost 350 V2 Core Black Red,Avg Sale: $932
403,Balenciaga Track Trainer Pink (W),Avg Sale: $932
404,adidas Yeezy Boost 750 Light Grey Glow In the Dark,Avg Sale: $930
405,Gucci Flashtrek SEGA Green Removable Crystal,Avg Sale: $930
406,Balenciaga Track Trainer Lime,Avg Sale: $929
407,Dior B23 High Top Blue Oblique,Avg Sale: $923
408,Jordan 1 Retro High New Beginnings,Avg Sale: $919
409,Nike LeBron 15 Equality (White),Avg Sale: $917
410,New Balance 990 Madness Grey,Avg Sale: $917
411,Jordan 1 Retro Doernbecher Mr. Boober,Avg Sale: $915
412,Balenciaga Triple S Neon Green Clear Sole (W),Avg Sale: $913
413,Nike LeBron 15 Performance KITH King's Cloak,Avg Sale: $913
414,Nike Air Max 1/97 Sean Wotherspoon (Extra Lace Set Only),Avg Sale: $912
415,Nike Air Force 1 Low Year Of The Dog (2005),Avg Sale: $911
416,Nike LeBron X Elite Peach Jam,Avg Sale: $909
417,Nike SB Dunk Low Shark,Avg Sale: $909
418,Nike Dunk Low Light Stone Mesa Orange,Avg Sale: $906
419,Nike Dunk SB Low Piet Mondrian,Avg Sale: $901
420,Dior B23 High Canvas Sorayama Dinosaur Brown,Avg Sale: $899
421,"Nike Air More Uptempo Supreme ""Suptempo"" Red",Avg Sale: $899
422,Nike SB Dunk Low StrangeLove Skateboards (Special Box),Avg Sale: $899
423,Sonra Proto Pembe,Avg Sale: $899
424,Nike SB Dunk Low Richard Mulder,Avg Sale: $897
425,Nike LeBron X Must Be the Honey,Avg Sale: $895
426,adidas FutureCraft 4D White Ash Green (F&F),Avg Sale: $894
427,Dior B23 High Top Logo Oblique,Avg Sale: $893
428,Dior B22 White Silver,Avg Sale: $889
429,Jordan 1 Retro Golf Cleat Chicago,Avg Sale: $887
430,Vans Era 95 Fear of God,Avg Sale: $884
431,Nike Air Force 1 High Supreme World Famous Black,Avg Sale: $883
432,Chanel Low Top Trainer CC Coral Red,Avg Sale: $883
433,Nike KD 4 Nerf,Avg Sale: $882
434,Jordan 1 Retro Chicago (2015),Avg Sale: $876
435,Nike Air Fear Of God 1 Light Bone (Friends and Family),Avg Sale: $871
436,adidas NMD Hu Pharrell NERD Homecoming,Avg Sale: $870
437,Dior B23 High Top Daniel Asham Newspaper,Avg Sale: $867
438,Jordan 1 Retro High Spider Man Origin Story (Special Box),Avg Sale: $867
439,A Bathing Ape Bapesta DC Comics Batman,Avg Sale: $867
440,New Balance 992 WTAPS,Avg Sale: $865
441,Jordan 4 Retro Kaws Black,Avg Sale: $865
442,Dior B23 Low Top Oblique,Avg Sale: $864
443,Dior B23 High Top Alex Foxton Oblique,Avg Sale: $863
444,Nike LeBron 15 Ohio State PE,Avg Sale: $863
445,Nike Air Max 1 Grand Piano,Avg Sale: $863
446,Nike Kyrie 4 Wheaties (Wheaties Box and Accessories),Avg Sale: $863
447,Chanel Low Top Trainer CC Ivory Blue (W),Avg Sale: $863
448,Nike Kyrie 3 Asia Tour,Avg Sale: $862
449,Li-Ning Way of Wade 4 All Star (2016),Avg Sale: $862
450,Nike SB Blazer Low Salvator Michael,Avg Sale: $861
451,adidas Yeezy Boost 350 V2 Static Black (Reflective),Avg Sale: $859
452,Fear of God Ski Lounge Boot Beige,Avg Sale: $859
453,ASICS Gel-Kayano 5 Chemist Creations,Avg Sale: $858
454,Jordan 23 Finale,Avg Sale: $854
455,Nike Kyrie 4 NBA 2K18,Avg Sale: $847
456,Reebok SRS Sole Fury KANGHYUK,Avg Sale: $845
457,Balenciaga Speed Trainer Mr. Porter Dark Grey,Avg Sale: $845
458,adidas Yeezy Boost 750 Triple Black,Avg Sale: $844
459,Y3 Pureboost ZG Knit Core Black,Avg Sale: $843
460,Dior B23 Low Top Logo Oblique,Avg Sale: $839
461,Nike Kyrie 4 Concepts Green Lobster (Special Box),Avg Sale: $838
462,Nike Air Force 1 Low Crocodile Lux 25th Anniv,Avg Sale: $836
463,Nike Kyrie 6 Invitational (F&F),Avg Sale: $836
464,Nike Zoom Vaporfly Elite Breaking2,Avg Sale: $835
465,A Bathing Ape Bapesta Kaws Chompers Brown,Avg Sale: $833
466,Nike Dunk SB Low Slam City,Avg Sale: $831
467,Jordan 8 Retro Quai54 2019 (F&F),Avg Sale: $830
468,Dior CD1 Black,Avg Sale: $830
469,Nike LeBron 15 Equality (Black),Avg Sale: $827
470,Jordan 7 OG Raptors (1992),Avg Sale: $822
471,Nike React Hyperdunk 2017 Flyknit Off-White,Avg Sale: $820
472,Dior B24 Oblique Cannage Motif White,Avg Sale: $820
473,Vans Sk8-Hi Supreme Public Enemy Black White,Avg Sale: $820
474,Nike Dunk SB Low Shanghai (2013),Avg Sale: $820
475,Louis Vuitton Archlight Trainer Black White (W),Avg Sale: $820
476,Dr. Martens 1460 Remastered Yohji Yamamoto,Avg Sale: $820
477,Nike Air Force 1 Low CLOT 1WORLD (2018),Avg Sale: $819
478,Nike Air Force 1 Low Off-White Black White,Avg Sale: $817
479,Balenciaga Triple S Red Clear Sole,Avg Sale: $817
480,Nike Dunk SB Low Raygun,Avg Sale: $816
481,Nike SB Dunk Low Medicom 1,Avg Sale: $812
482,Dior B23 Low Top Multicolor Oblique,Avg Sale: $811
483,Louis Vuitton Run Away Supreme Red Gum,Avg Sale: $810
484,Dior B22 Pink Black,Avg Sale: $808
485,Jordan 9 Retro Oregon State (PE),Avg Sale: $807
486,Nike Zoom Victory Tour Masters,Avg Sale: $807
487,adidas Superstar Prada White Black,Avg Sale: $806
488,Dior And Shawn B23 Slip On Logo Oblique,Avg Sale: $804
489,RHUDE V1 Hi Black,Avg Sale: $804
490,Nike LeBron 8 South Beach (Pre-Heat),Avg Sale: $802
491,Balenciaga Triple S Grey Red Blue (W),Avg Sale: $800
492,Nike Air Force 1 Low Supreme Comme des Garcons Shirt,Avg Sale: $797
493,Dior Walk'N'Dior Low Top White Canvas (W),Avg Sale: $796
494,On The Roger Centre Court White Gum,Avg Sale: $794
495,Nike Air Max 97 Off-White Menta,Avg Sale: $792
496,Balenciaga Track Dark Green,Avg Sale: $792
497,Dior B23 High Top Oblique,Avg Sale: $792
498,Nike SB Dunk Low Reese Forbes Wheat,Avg Sale: $787
499,Nike SB Dunk Low White Black Trail End Brown,Avg Sale: $784
500,adidas Yeezy Boost 350 Pirate Black (2016),Avg Sale: $783
501,Nike Air Foamposite One Supreme Red,Avg Sale: $782
502,Balenciaga Triple S SSense,Avg Sale: $781
503,Nike Kyrie 4 Boston University,Avg Sale: $781
504,A Bathing Ape Bapesta Ghostbusters 25th Anniversary (W/Extras),Avg Sale: $780
505,Nike Air Max 90 DQM Bacon,Avg Sale: $780
506,Nike Dunk SB Low Homer,Avg Sale: $780
507,Nike Air Force 1 Low fragment design x CLOT,Avg Sale: $778
508,Nike Air Force 1 Low Off-White Volt,Avg Sale: $777
509,Vans Era 95 DX Fear of God White Black,Avg Sale: $774
510,Dior B23 Low Top Blue Oblique,Avg Sale: $774
511,Balenciaga Track.2 Beige Metallic (W),Avg Sale: $774
512,Air Ship New Beginnings,Avg Sale: $774
513,Balenciaga Triple S White Suede (W),Avg Sale: $773
514,Nike Dunk High Coraline,Avg Sale: $772
515,adidas Yeezy Boost 350 V2 Black Red,Avg Sale: $769
516,Balenciaga Triple S Black Yellow Fluo (W),Avg Sale: $768
517,Nike SB Dunk Low Panda Pigeon (Special Box),Avg Sale: $768
518,Nike Air Max 1 Atmos x Jordan,Avg Sale: $768
519,Nike Air Force 1 Low Travis Scott Sail,Avg Sale: $767
520,Balenciaga Triple S Silver Black 2019,Avg Sale: $767
521,Nike Air Max 97 Off-White Black,Avg Sale: $767
522,Balenciaga Speed Trainer Mr. Porter Black,Avg Sale: $767
523,Balenciaga Triple S Allover Logo White,Avg Sale: $766
524,Balenciaga Triple S Silver Black 2019 (W),Avg Sale: $766
525,Balenciaga Triple S Cream Yellow Red (W),Avg Sale: $765
526,Louis Vuitton Run Away Black Monogram (W),Avg Sale: $762
527,Nike Kyrie 3 Sneaker Room Mom (Red),Avg Sale: $762
528,Gucci Rhyton x Disney,Avg Sale: $762
529,Jordan Raging Bull Pack (5/5),Avg Sale: $761
530,"ASICS Gel-Lyte III Afew ""Koi"" (Regular Box)",Avg Sale: $760
531,Dior Walk'N'Dior Embroider Cotton (W),Avg Sale: $760
532,Dior B22 Black Red,Avg Sale: $759
533,Jordan 6 Retro Doernbecher 15th Anniversary,Avg Sale: $759
534,adidas Yeezy Boost 350 Moonrock,Avg Sale: $756
535,Dior B23 Low Top Flowers Oblique,Avg Sale: $756
536,Nike Dunk High Haze,Avg Sale: $756
537,Prada Cloudbust Thunder Knit Green,Avg Sale: $755
538,Nike Kobe 5 Prelude (Finals MVP),Avg Sale: $753
539,Jordan 23 Titanium,Avg Sale: $751
540,Dior B23 High Top Red Blue Oblique,Avg Sale: $749
541,Nike Air Fear of God Raid Air Raid (F&F),Avg Sale: $747
542,Gucci Rhyton Beige Ebony,Avg Sale: $746
543,Dior B25 Oblique Runner Sneaker Black Suede,Avg Sale: $746
544,Nike Kobe 1 Prelude (81 Points),Avg Sale: $744
545,Nike SB Dunk Low Ben G (Friends and Family),Avg Sale: $742
546,Balenciaga Triple S White Clear Sole (W),Avg Sale: $738
547,adidas NMD R1 Friends and Family Pitch Black,Avg Sale: $738
548,Dior B23 High Canvas Safari Oblique,Avg Sale: $736
549,adidas Yeezy Boost 350 Oxford Tan,Avg Sale: $736
550,Prada Cloudbust Thunder Knit Black,Avg Sale: $736
551,Balenciaga Triple S Triple Black (W),Avg Sale: $734
552,Nike Air Force 1 Low 1World Krink,Avg Sale: $734
553,Jordan 7 Retro Premio Bin 23,Avg Sale: $733
554,Balenciaga Triple S Clear Sole Navy,Avg Sale: $733
555,adidas Futurecraft 4D Ash Green,Avg Sale: $732
556,adidas YZY QNTM BSKTBL (Performance Basketball Model),Avg Sale: $732
557,Jordan 5 Retro Doernbecher,Avg Sale: $732
558,Jordan 6 Retro Doernbecher,Avg Sale: $732
559,Nike Dunk SB Mid Mama Bear,Avg Sale: $731
560,Balenciaga Triple S Cream Yellow Red 2019 (W),Avg Sale: $730
561,Nike Dunk High Undefeated,Avg Sale: $730
562,Nike SB Dunk High Thomas Campbell What the Dunk (Special Box),Avg Sale: $730
563,Jordan Defining Moments Pack (6/11),Avg Sale: $729
564,Nike Dunk SB High Jason Voorhees,Avg Sale: $729
565,Versace Chain Reaction 2 Chainz Black,Avg Sale: $727
566,Jordan XXXIV Brotherhood PE,Avg Sale: $727
567,Nike LeBron 17 SVSM White PE,Avg Sale: $727
568,Nike Air Presto Off-White Black (2018),Avg Sale: $726
569,adidas Yeezy Boost 350 Pirate Black (2015),Avg Sale: $726
570,Balenciaga Triple S Clearsole Fluo Yellow,Avg Sale: $725
571,"Diadora N9000 LimitEDition ""Castellers""",Avg Sale: $723
572,Reebok Alien Stomper High,Avg Sale: $722
573,Prada Cloudbust Black Orange,Avg Sale: $720
574,Louis Vuitton Run Away Supreme Black Gum,Avg Sale: $720
575,adidas Futurecraft 4D Footpatrol,Avg Sale: $720
576,Nike Air Max 97 LX Swarovski Silver Bullet (W),Avg Sale: $720
577,Dior B22 Yellow Red,Avg Sale: $719
578,Balenciaga Track Trainer Red,Avg Sale: $719
579,Dior B23 Low Top Canvas Oblique Black,Avg Sale: $718
580,Balenciaga Track Trainers Purple (W),Avg Sale: $717
581,Balenciaga Track Trainer Lime (W),Avg Sale: $717
582,Nike SB Dunk Low Shanghai (2004),Avg Sale: $716
583,Nike Air Max 1 Atmos Elephant (2017),Avg Sale: $713
584,Nike Air Force 1 Low Lux Anaconda,Avg Sale: $713
585,Nike Kobe 7 Opening Day,Avg Sale: $712
586,Rhude V2 Low Pastel Bandana,Avg Sale: $712
587,Nike SB Dunk High Black Sheep Paid In Full (Special Box),Avg Sale: $712
588,Dior B23 Low Top Daniel Asham Newspaper,Avg Sale: $711
589,Dior B23 High Top Canvas Oblique Black,Avg Sale: $711
590,Jordan 2 Retro Premio Bin 23,Avg Sale: $711
591,Gucci Off The Grid High Top Orange GG,Avg Sale: $710
592,Gucci Rhyton Beige Ebony (W),Avg Sale: $709
593,Nike Air Force 1 High Supreme World Famous Red,Avg Sale: $709
594,"Nike Air Max 90 Atmos ""Duck Hunter Camo""",Avg Sale: $709
595,Nike Air Force 1 Low Closing Ceremonies (Beijing),Avg Sale: $708
596,Dior Walk'N'Dior Oblique Navy Canvas (W),Avg Sale: $706
597,Nike Flyknit Lunar1+ Supreme Black,Avg Sale: $705
598,Dior Walk'N'Dior Mid Oblique White (W),Avg Sale: $705
599,Gucci Rhyton Worldwide,Avg Sale: $704
600,Balenciaga Triple S Clear Sole (W),Avg Sale: $704
601,Dior B21 Neo Black,Avg Sale: $703
602,adidas NMD HU Pharrell Human Species Black,Avg Sale: $702
603,Nike Air Max 1 Susan Missing Link (Friends and Family Special Box),Avg Sale: $702
604,adidas NMD HU Pharrell Human Race Scarlet,Avg Sale: $700
605,Dior B23 Low Top Red Blue Oblique,Avg Sale: $700
606,Nike Kobe 1 Protro DeMar DeRozan,Avg Sale: $700
607,Nike Zoom Fly Off-White,Avg Sale: $699
608,Nike Air Force 1 Low Colette x Busy P,Avg Sale: $698
609,Balenciaga Triple S Pink (W),Avg Sale: $698
610,adidas Yeezy Boost 350 V2 Lundmark (Reflective),Avg Sale: $696
611,adidas Yeezy Boost 750 Light Brown Gum (Chocolate),Avg Sale: $696
612,Balenciaga Triple S Triple Black (2018 Reissue) (Nondistressed),Avg Sale: $696
613,Balenciaga Triple S Neon Pink 2019 (W),Avg Sale: $696
614,Gucci Flashtrek SEGA White,Avg Sale: $695
615,Nike Kobe 8 What the Kobe (WTK),Avg Sale: $694
616,Balenciaga Speed Trainer Clearsole Yellow Fluo,Avg Sale: $694
617,adidas Yeezy Boost 350 V2 Core Black White,Avg Sale: $693
618,Balenciaga Speed Graffiti Beige (W),Avg Sale: $693
619,OFF-WHITE Odsy-1000 Pink (W),Avg Sale: $693
620,adidas Futurecraft 4D Friends & Family,Avg Sale: $692
621,Nike Air Fear Of God 1 Black,Avg Sale: $692
622,Balenciaga Triple S Black Clear Sole (W),Avg Sale: $692
623,A Bathing Ape Bapesta Marvel Comics Captain America,Avg Sale: $691
624,"ASICS GT-II Ronnie Fieg ""Ultra Marine""",Avg Sale: $691
625,adidas Yeezy Boost 950 Moonrock (W),Avg Sale: $691
626,Nike LeBron 12 Sprite Mix (Special Packaging),Avg Sale: $691
627,Nike Air Force 1 Low Supreme Mad Hectic (F&F),Avg Sale: $691
628,Jordan 5 Retro Off-White Black,Avg Sale: $690
629,Nike Dunk High Comme Des Garcons Clear,Avg Sale: $690
630,Nike Mercurial Superfly CR7 Cristiano Ronaldo Rare Gold,Avg Sale: $690
631,Louis Vuitton Archlight Trainer Terracotta (W),Avg Sale: $690
632,Balenciaga Speed Trainer High Black White,Avg Sale: $690
633,Balenciaga Triple S Curry (W),Avg Sale: $689
634,Vans Diamo Ni Rhude,Avg Sale: $688
635,Jordan 9 Retro Boot Florida Gators PE,Avg Sale: $688
636,Dior D Connect White Neoprene (W),Avg Sale: $688
637,Balenciaga Speed Lace Up Black White (W),Avg Sale: $687
638,adidas Yeezy Boost 950 Moonrock,Avg Sale: $687
639,Dior B22 Black Grey,Avg Sale: $687
640,Dior CD1 Tye-Dye,Avg Sale: $686
641,Nike Air Max 90 Powerwall,Avg Sale: $686
642,Nike Air Max 95 Mita Ueno Prototype,Avg Sale: $686
643,Dior B24 Runtek White Black Nylon,Avg Sale: $685
644,Balenciaga Triple S White Purple (W),Avg Sale: $684
645,Balenciaga Triple S White,Avg Sale: $684
646,Balenciaga Triple S Allover Logo Black,Avg Sale: $683
647,Nike Air Force 1 High Supreme World Famous White,Avg Sale: $682
648,Vans Old Skool JJJJOUND Brown,Avg Sale: $682
649,Nike Air Vapormax Off-White 2018,Avg Sale: $681
650,Balenciaga Triple S Silver Red (2018),Avg Sale: $681
651,Balenciaga Triple S Vanille (W),Avg Sale: $681
652,Nike Air Max 90 Powerwall Black Orange,Avg Sale: $681
653,adidas Yeezy Boost 350 V2 Beluga,Avg Sale: $680
654,Nike SB Dunk High Pacman,Avg Sale: $680
655,Nike Dunk High Supreme TZ LAF FLOM,Avg Sale: $680
656,Nike Dunk SB Low Medicom 3,Avg Sale: $680
657,Balenciaga Triple S Black Logo (W),Avg Sale: $680
658,Balenciaga Speed Lace Up Triple Beige,Avg Sale: $679
659,Nike Air Max 1 Atmos Safari (2002),Avg Sale: $679
660,"ASICS Gel-Lyte III Hanon ""Wildcats""",Avg Sale: $679
661,Balenciaga Triple S Triple Black 2018 Reissue Nondistressed (W),Avg Sale: $679
662,adidas Ozweego 3 Raf Simons Black Scarlet,Avg Sale: $679
663,Nike Dunk Low Splatter (W),Avg Sale: $679
664,Balenciaga Track.2 Beige (W),Avg Sale: $678
665,Dior B25 High Top White,Avg Sale: $674
666,Balenciaga Triple S Clear Sole White,Avg Sale: $673
667,Nike Dunk SB Low Ms. Pacman,Avg Sale: $673
668,Nike Dunk SB High Cheech & Chong,Avg Sale: $673
669,Nike Air VaporMax Off-White Black,Avg Sale: $671
670,Nike Lunar Force 1 Low Acronym Bright Crimson,Avg Sale: $671
671,Nike ISPA Road Warrior Sail,Avg Sale: $670
672,Versace Chain Reaction Twill,Avg Sale: $669
673,Balenciaga Triple S Beige Green Yellow (2018 Reissue),Avg Sale: $667
674,Balenciaga Speed Trainer Beige (W),Avg Sale: $667
675,Nike Air Force 2 Low ESPO,Avg Sale: $667
676,Nike Blazer Mid Off-White All Hallow's Eve,Avg Sale: $666
677,Nike Air Max Lunar90 SP Moon Landing,Avg Sale: $666
678,Balenciaga Track Trainer Black Yellow,Avg Sale: $665
679,Gucci Rhyton Wave,Avg Sale: $665
680,Balenciaga Track Trainer White (W),Avg Sale: $664
681,Balenciaga Track.2 White Fluo Yellow,Avg Sale: $664
682,Nike Air Foamposite One Doernbecher 15th Anniversary,Avg Sale: $664
683,Balenciaga Track Black (W),Avg Sale: $660
684,Nike Air Max 1 Atmos Elephant (2007),Avg Sale: $660
685,Balenciaga Triple S White (W) (2018 Reissue),Avg Sale: $660
686,Balenciaga Triple S Grey,Avg Sale: $659
687,Jordan 4 Retro Travis Scott Cactus Jack,Avg Sale: $657
688,Balenciaga Triple S White 2019 (W),Avg Sale: $657
689,Balenciaga Speed Recycled White,Avg Sale: $657
690,Versace Chain Reaction 2 Chainz Spotted,Avg Sale: $655
691,Jordan 1 Retro Low OG SP Travis Scott,Avg Sale: $654
692,Balenciaga Triple S Pink,Avg Sale: $654
693,"Jordan 1 Retro High ""Not for Resale"" Varsity Red",Avg Sale: $654
694,Balenciaga Triple S Off-White,Avg Sale: $654
695,Jordan XXXIV Paris,Avg Sale: $654
696,Balenciaga Speed Lace Up Black (W),Avg Sale: $654
697,"New Balance 999 Concepts ""The Kennedy""",Avg Sale: $654
698,Balenciaga Speed Trainer Black White Volt (W),Avg Sale: $653
699,"Nike Air Fear of God 1 String ""The Question""",Avg Sale: $651
700,Balenciaga Speed Trainer Lace Up Black,Avg Sale: $651
701,Balenciaga Track Trainer Gold (W),Avg Sale: $651
702,Dior B22 Pink Blue,Avg Sale: $651
703,"Nike Air Max 1 SP CLOT ""Kiss of Death"" (Special Box) (2013)",Avg Sale: $651
704,Nike Dunk SB High Wheat,Avg Sale: $650
705,Jordan 1 Retro High Aleali May Shadow (GS),Avg Sale: $650
706,Nike Dunk Pro Low Viotech (2002),Avg Sale: $650
707,Gucci Off The Grid High Top Black GG,Avg Sale: $649
708,Sonra Proto GGB,Avg Sale: $649
709,Balenciaga Track.2 Yellow Purple,Avg Sale: $648
710,Balenciaga Track Grey White (W),Avg Sale: $648
711,Nike Dunk SB Low Rukus Crawfish (Special Box),Avg Sale: $648
712,Dior CD1 White,Avg Sale: $648
713,Nike Dunk SB Low Bison,Avg Sale: $648
714,Nike Dunk SB High Ferris Bueller,Avg Sale: $648
715,Li-Ning Way of Wade 7 All-Star (2019),Avg Sale: $648
716,"ASICS Gel-Lyte III Ronnie Fieg ""Leatherbacks""",Avg Sale: $648
717,Nike Air Force 1 Low Levi's Exclusive Denim,Avg Sale: $648
718,Nike HTM Superfly Mercurial Black,Avg Sale: $648
719,Nike Dunk Low Ugly Duckling Purple,Avg Sale: $648
720,Nike Kyrie 4 Fall Foliage,Avg Sale: $648
721,Jordan 9 Retro Oregon Ducks (PE),Avg Sale: $648
722,Nike All-Star Force Pack -2007,Avg Sale: $648
723,Nike Kobe 5 Aston Martin Pack,Avg Sale: $648
724,Balenciaga Triple S Black (2019),Avg Sale: $647
725,Gucci Rhyton Mouth,Avg Sale: $647
726,Versace Chain Reaction Baroque Print,Avg Sale: $646
727,New Balance 992 Kith Spring 2,Avg Sale: $646
728,Balenciaga Track Trainers Black Orange (W),Avg Sale: $646
729,Balenciaga Triple S Clear Sole Black,Avg Sale: $645
730,Balenciaga Triple S Black White Red (2018 Reissue),Avg Sale: $645
731,Versace Chain Reaction 2 Chainz Leopard (W),Avg Sale: $645
732,Balenciaga Triple S Burgundy Red,Avg Sale: $644
733,Nike SB Dunk Low Concepts Purple Lobster (Special Box),Avg Sale: $642
734,Versace Chain Reaction Multi-Color Rubber Suede,Avg Sale: $642
735,Jordan 6 Retro Travis Scott,Avg Sale: $642
736,Nike LeBron 16 King Court Purple,Avg Sale: $641
737,Nike Air Foamposite One Beijing Planet Hoops,Avg Sale: $640
738,Nike Air Foamposite One Big Bang,Avg Sale: $640
739,Nike Dunk SB High MF Doom,Avg Sale: $639
740,Nike Cortez Platform Comme des Garcons Black (W),Avg Sale: $639
741,Nike Kobe 4 Prelude (Finals MVP),Avg Sale: $637
742,Balenciaga Speed Trainer Logo Print Black White (W),Avg Sale: $637
743,Louis Vuitton Hugh Slipper Supreme Black,Avg Sale: $637
744,Balenciaga Track Black,Avg Sale: $636
745,Nike Air VaporMax 2019 Cactus Plant Flea Market (W),Avg Sale: $636
746,Versace Chain Reaction Black Multi-Color Rubber Suede,Avg Sale: $636
747,Jordan 1 Retro High 85 Varsity Red,Avg Sale: $635
748,Balenciaga Triple S White Navy Black,Avg Sale: $635
749,Balenciaga Triple S White (W),Avg Sale: $635
750,Balenciaga Triple S Black White Red (W) (2018 Reissue),Avg Sale: $635
751,Nike Air Force 1 Low Mr. Cartoon Livestrong,Avg Sale: $635
752,Balenciaga Track White Orange,Avg Sale: $635
753,Nike Kobe 6 FC Barcelona Home,Avg Sale: $635
754,Balenciaga Speed Trainers Mid Black Light Pink (W),Avg Sale: $634
755,Nike Air Force 1 Low Anti Social Social Club ComplexCon Exclusive,Avg Sale: $634
756,Balenciaga Triple S Clear Sole Grey,Avg Sale: $633
757,Nike Dunk SB High Hulk,Avg Sale: $633
758,Dior Walk'N'Dior Low Top Black Canvas (W),Avg Sale: $632
759,Nike SB Dunk High Clouds,Avg Sale: $632
760,Nike Air Fear Of God 1 Light Bone,Avg Sale: $630
761,Nike Air Force 1 Low Year of the Rabbit,Avg Sale: $630
762,Balenciaga Triple S Clear Sole Beige,Avg Sale: $630
763,adidas NMD Hu Pharrell NERD Cream,Avg Sale: $629
764,Balenciaga Triple S Grey (2018 Reissue),Avg Sale: $629
765,Balenciaga Triple S Vermillon,Avg Sale: $629
766,Gucci Rhyton Logo Ivory,Avg Sale: $629
767,Jordan 1 Retro High Aleali May Shadow,Avg Sale: $629
768,Balenciaga Triple S Crystal Clear Sole (W),Avg Sale: $628
769,Jordan 8 Retro Doernbecher,Avg Sale: $628
770,Jordan 1 Retro High Homage To Home Chicago (Numbered),Avg Sale: $627
771,Balenciaga Triple S White Blue (W),Avg Sale: $627
772,Balenciaga Triple S Triple Black (2018 Reissue) (Pre-Distressed),Avg Sale: $627
773,"Nike Air Max 1 SP Clot ""Kiss of Death"" (2013)",Avg Sale: $626
774,Jordan 23 Trophy Room White,Avg Sale: $626
775,Nike Dunk SB Low Bucks,Avg Sale: $625
776,Nike Air Force 1 '07 Olivia Kim (Friends and Family) (W),Avg Sale: $625
777,Jordan 4 Retro Levi's Denim (Tag with Levi's Logo),Avg Sale: $624
778,Balenciaga Triple S Pink White (W),Avg Sale: $623
779,Nike Air Max 90 Unknwn Miami 305,Avg Sale: $623
780,Nike Dunk SB Low Cali (2004),Avg Sale: $623
781,Balenciaga Speed Trainer Mid Black Red,Avg Sale: $623
782,Balenciaga Triple S Grey Red Blue (2018 Reissue),Avg Sale: $623
783,Balenciaga Triple S Beige,Avg Sale: $623
784,Fear Of God Military Sneaker Mela,Avg Sale: $623
785,Balenciaga Speed Beige (W),Avg Sale: $621
786,Gucci Ace x Disney Ivory,Avg Sale: $620
787,Gucci Ace x Disney,Avg Sale: $620
788,Nike Air Max 1 Golf Lawn Party Pack,Avg Sale: $620
789,Nike Dunk High Panda,Avg Sale: $620
790,Balenciaga Triple S Pink Teal (W),Avg Sale: $619
791,Jordan 5 Retro Premio Bin23,Avg Sale: $619
792,Nike Kobe 5 Protro EYBL (2020),Avg Sale: $619
793,Balenciaga Triple S Curry,Avg Sale: $618
794,Takashi Murakami x Porter BS-06 T.Z.,Avg Sale: $618
795,adidas Yeezy Boost 950 Pirate Black,Avg Sale: $617
796,adidas YZY QNTM (Lifestyle Model),Avg Sale: $616
797,Balenciaga Triple S White Blue,Avg Sale: $616
798,Converse Chuck Taylor All Star 70s Hi Kith x Coca Cola Hebrew (Friends and Family),Avg Sale: $616
799,Balenciaga Triple S White Red (W),Avg Sale: $616
800,Nike Air Classic BW Stash,Avg Sale: $616
801,Balenciaga Triple S Grey Red Blue,Avg Sale: $616
802,Balenciaga Track.2 Blue Grey,Avg Sale: $615
803,Gucci Rhyton Brick Red (W),Avg Sale: $614
804,Balenciaga Track White Orange (W),Avg Sale: $614
805,Nike Air Force 1 Low Kobe,Avg Sale: $614
806,Balenciaga Speed Trainer Black White (W),Avg Sale: $614
807,Balenciaga Speed Graffiti Trainers Black White Logo (W),Avg Sale: $614
808,Nike SB Dunk Low Concepts Green Lobster (Regular Box),Avg Sale: $613
809,Nike Air Force 1 High Stash One Night Only,Avg Sale: $613
810,ASICS Gel Saga Patta (F&F),Avg Sale: $613
811,Gucci Ace Embroidered Bee,Avg Sale: $613
812,Balenciaga Track Grey,Avg Sale: $611
813,Jordan 1 Retro High Satin Shattered Backboard (W),Avg Sale: $611
814,"Nike Dunk SB High Concepts ""Ugly Christmas Sweater"" Grey (Special Box)",Avg Sale: $611
815,Balenciaga Speed Trainer Black 2019,Avg Sale: $610
816,Nike PG 1 2K Sample,Avg Sale: $610
817,Nike Air Presto Off-White White (2018),Avg Sale: $610
818,Nike Blazer Mid Off-White Grim Reaper,Avg Sale: $610
819,Jordan 1 Retro Reverse Shattered Backboard,Avg Sale: $610
820,Reebok Instapump Fury Vetements Doodle,Avg Sale: $610
821,Jordan 11 OG Columbia (1996),Avg Sale: $609
822,Nike Kobe 6 Prelude (All Star MVP),Avg Sale: $609
823,Balenciaga Track Sandal Red,Avg Sale: $608
824,Nike Kobe 5 Big Stage Home,Avg Sale: $608
825,Nike Kobe 5 Bruce Lee,Avg Sale: $607
826,Jordan 4 Retro Black Laser,Avg Sale: $606
827,adidas 4D Sneakersnstuff,Avg Sale: $606
828,Nike LeBron 17 SVSM Green PE,Avg Sale: $606
829,Balenciaga Speed Recycled Black,Avg Sale: $605
830,Balenciaga Track Sandal Rose Bubble Gum (W),Avg Sale: $605
831,Balenciaga Triple S White (2018 Reissue),Avg Sale: $605
832,Off-White Odsy-1000 Blue,Avg Sale: $604
833,Balenciaga Speed Graffiti Trainers Black,Avg Sale: $604
834,Balenciaga Triple S Burgundy,Avg Sale: $604
835,Gucci Ace Studded Pearl (W),Avg Sale: $604
836,Jordan 9 Retro Boot Michigan PE,Avg Sale: $604
837,Versace Chain Reaction Concepts JLO 2000 (Special Box) (W),Avg Sale: $604
838,adidas Ultra Boost 1.0 Arizona State,Avg Sale: $604
839,adidas Yeezy Boost 350 V2 Static Reflective,Avg Sale: $604
840,Jordan 5 Retro Supreme White,Avg Sale: $604
841,Nike CJ81 Transformers Megatron Rises Pack,Avg Sale: $604
842,New Balance 997S Bodega,Avg Sale: $603
843,Nike HyperAdapt 1.0 White Pure Platinum (Japan),Avg Sale: $603
844,Vans Bold Ni Rhude,Avg Sale: $602
845,Jordan Defining Moments Pack One 60 Pts,Avg Sale: $601
846,Jordan 2 Retro Doernbecher Peacock,Avg Sale: $600
847,Dior Walk'N'Dior Oblique Red Canvas (W),Avg Sale: $600
848,Balenciaga Track White Grey Red,Avg Sale: $599
849,Balenciaga Triple S Black Yellow Fluo,Avg Sale: $599
850,Jordan 12 Retro OVO White,Avg Sale: $599
851,Vans Era Primary Block Lapis Blue (PS),Avg Sale: $599
852,Versace Chain Reaction Black,Avg Sale: $598
853,Nike HyperAdapt 1.0 Black (1st Release Pair Special Box),Avg Sale: $598
854,Balenciaga Track Yellow Grey (W),Avg Sale: $598
855,Balenciaga Triple S White Grey Turquoise,Avg Sale: $598
856,adidas Y-3 Runner 4D II Black,Avg Sale: $597
857,Gucci Rhyton Vintage Logo (W),Avg Sale: $597
858,Nike Dunk SB Low Pure Blood,Avg Sale: $597
859,AFEW x Diadora N.9000 Highly Addictive NYC,Avg Sale: $596
860,Jordan 5 Retro Alternate Bel-Air,Avg Sale: $596
861,Balenciaga Speed Trainer Black 2019 (W),Avg Sale: $596
862,Jordan Countdown Pack 11/12,Avg Sale: $596
863,Reebok SRS Sole Fury KANGHYUK DSM Black,Avg Sale: $596
864,Fila Fendi High-Top Multi-Color Tech,Avg Sale: $596
865,Hender Scheme MIP-10 Jordan 4 Natural,Avg Sale: $595
866,Balenciaga Triple S Purple Yellow Blue (W),Avg Sale: $595
867,Nike SB Dunk Low Raygun Home,Avg Sale: $595
868,Gucci Rhyton Brick Red,Avg Sale: $595
869,Nike Air Foamposite One Doernbecher,Avg Sale: $594
870,Dior B23 High Top Grey Leopard,Avg Sale: $594
871,Nike Air Max 1 Cork NYC SOHO Exclusive,Avg Sale: $594
872,Jordan 4 Retro Levi's Denim (Blank Tag),Avg Sale: $593
873,Gucci Flashtrek SEGA Blue Suede,Avg Sale: $592
874,Balenciaga Track.2 White (W),Avg Sale: $592
875,Nike Air Presto Acronym Olive,Avg Sale: $591
876,Balenciaga Triple S White Black Red,Avg Sale: $591
877,Nike LeBron 4 SVSM Away PE,Avg Sale: $591
878,Balenciaga Speed Trainer Black Red 2019 (W),Avg Sale: $591
879,Balenciaga Speed Trainer Black White (2016),Avg Sale: $591
880,Nike Air Max 90 maharishi maha Olive,Avg Sale: $591
881,Balenciaga Triple S Red Black (Pre-Distressed),Avg Sale: $590
882,Versace Chain Reaction Gold,Avg Sale: $590
883,Nike Kyrie 5 Sneaker Room Mom Red,Avg Sale: $590
884,Balenciaga Speed Lace Up Black,Avg Sale: $589
885,Nike Dunk SB Low Loden,Avg Sale: $589
886,A Bathing Ape Bapesta Marvel Comics Spider Man,Avg Sale: $588
887,adidas NMD R1 Nice Kicks,Avg Sale: $588
888,Balenciaga Track Purple White Grey,Avg Sale: $587
889,Balenciaga Speed Lace Up Triple Black,Avg Sale: $587
890,Balenciaga Speed Trainer Black (2018),Avg Sale: $586
891,Balenciaga Speed Trainer White Black 2019 (W),Avg Sale: $586
892,Balenciaga Track 2 Black,Avg Sale: $586
893,Louis Vuitton Waterfront Mule Monogram Eclipse,Avg Sale: $586
894,Balenciaga Triple S White 2019,Avg Sale: $586
895,Nike KD 4 Weatherman,Avg Sale: $586
896,Jordan 1 Retro Bred (2001),Avg Sale: $585
897,Nike SB Dunk Low Concepts Green Lobster (Special Box),Avg Sale: $585
898,Balenciaga Track Orange Blue (W),Avg Sale: $585
899,Balenciaga Speed Trainer Red,Avg Sale: $585
900,Balenciaga Track.2 Blue Grey (W),Avg Sale: $585
901,Balenciaga Triple S Black White Red,Avg Sale: $584
902,adidas Yeezy Boost 350 V2 Core Black Copper,Avg Sale: $583
903,Balenciaga Triple S Black Blue,Avg Sale: $583
904,Nike Dunk High Premium DQM TZ (Friends and Family),Avg Sale: $583
905,adidas Ultra Boost 1.0 Burgundy,Avg Sale: $583
906,Crocs Dimitri Clog Post Malone,Avg Sale: $583
907,Jordan 1 Retro High Satin Black Toe (W),Avg Sale: $582
908,Saint Laurent Andy Black,Avg Sale: $582
909,Dior B01 Daniel Arsham Logo,Avg Sale: $581
910,Balenciaga Triple S Red Black 2019,Avg Sale: $581
911,Nike Kobe 4 NBA Final MVP Home,Avg Sale: $581
912,Balenciaga Speed Trainer Black Pink,Avg Sale: $580
913,Gucci Ace x Disney Ivory (W),Avg Sale: $580
914,Nike SB Dunk Low Gino Iannucci 1,Avg Sale: $580
915,Nike LeBron 7 PS MVP (NFW),Avg Sale: $579
916,Versace Chain Reaction Fluo Barocco,Avg Sale: $579
917,Jordan 1 Retro Levi's (W/ No Pants and T-Shirt),Avg Sale: $579
918,Balenciaga Speed Trainer Black White 2019 (W),Avg Sale: $579
919,Versace Chain Reaction Blue Mesh Rubber Suede,Avg Sale: $579
920,Nike Kobe 9 Elite Premium QS Black,Avg Sale: $579
921,A Bathing Ape Bapesta Marvel Comics Human Torch,Avg Sale: $579
922,Balenciaga Track 2 Blue Red,Avg Sale: $579
923,Nike LeBron 15 Performance Ronnie Fieg x SVSM PE,Avg Sale: $579
924,Balenciaga Speed Trainer Logo Print Black White,Avg Sale: $578
925,Nike Lunar Flyknit Chukka HTM Snow Pack Grey,Avg Sale: $578
926,adidas Ozweego 2 Raf Simons Chalk White,Avg Sale: $578
927,Jordan 4 Retro Snakeskin,Avg Sale: $577
928,Balenciaga Triple S White Pink (W),Avg Sale: $577
929,Nike Air Max 1 112 Pack,Avg Sale: $576
930,Nike SB Dunk Low Graph Paper,Avg Sale: $576
931,"Nike Air Max 1 Atmos ""Tiger Camo x Snakeskin""",Avg Sale: $575
932,Nike SB Dunk Low Concepts Holy Grail (Wooden Box),Avg Sale: $574
933,Jordan 12 Retro PSNY Bordeaux (Friends & Family),Avg Sale: $574
934,Nike Hyperdunk 2017 Low LA,Avg Sale: $573
935,Versace Baroque Chain Reaction Bluette Gold,Avg Sale: $573
936,Balenciaga Track.2 Pink Green (W),Avg Sale: $573
937,Dior B24 Pale Pink,Avg Sale: $572
938,Balenciaga Track Trainers Pink Red (W),Avg Sale: $572
939,Balenciaga Track White,Avg Sale: $572
940,Balenciaga Triple S Blue Orange Red,Avg Sale: $572
941,Maison Margiela Fusion Distressed Black White,Avg Sale: $572
942,Nike Hyperdunk 08 Kobe Bryant Snakepool,Avg Sale: $572
943,Balenciaga Speed Trainer Green Black Sole (W),Avg Sale: $572
944,adidas NMD HU Pharrell Human Being Sharp Blue,Avg Sale: $572
945,adidas Futurecraft 4D Onix Aero Green,Avg Sale: $572
946,Nike Air Force 1 High Alyx White Black (2020),Avg Sale: $572
947,Nike Air Max 97 LX Swarovski Black (W),Avg Sale: $571
948,adidas Yeezy Boost 350 V2 Antlia (Reflective),Avg Sale: $570
949,Balenciaga Triple S Split Black Grey,Avg Sale: $570
950,Versace Squalo Black White,Avg Sale: $570
951,adidas Yeezy Boost 350 V2 Core Black Green,Avg Sale: $570
952,Nike Kyrie 4 Lucky Charms (Special Cereal Box Package),Avg Sale: $570
953,Balenciaga Speed Trainer Navy,Avg Sale: $570
954,Nike Kobe 6 Kay Yow Think Pink,Avg Sale: $570
955,Nike Kobe 7 What the Kobe,Avg Sale: $570
956,Rhude V2 Low Primary Bandana,Avg Sale: $570
957,Vans Authentic Supreme Black Checker Logo,Avg Sale: $569
958,Balenciaga Speed Trainer Black White Black,Avg Sale: $568
959,Versace Chain Reaction 2 Chainz Red,Avg Sale: $568
960,OFF-WHITE Odsy-1000 Black White (W),Avg Sale: $567
961,Balenciaga Speed Trainer Cristal (W),Avg Sale: $567
962,Balenciaga Speed Trainer Black White Neon 2019 (W),Avg Sale: $567
963,Gucci Rhyton Vintage Logo,Avg Sale: $567
964,Balenciaga Speed Trainer Lace Up Black Red,Avg Sale: $566
965,"ASICS Gel-Lyte III Ronnie Fieg ""Flamingo""",Avg Sale: $566
966,"ASICS Gel-Lyte III Ronnie Fieg ""Homage"" (Special Box)",Avg Sale: $565
967,Balenciaga Track Black Grey Red,Avg Sale: $565
968,Jordan 4 Retro Doernbecher (GS),Avg Sale: $565
969,Gucci Flashtrek SEGA Black Leather,Avg Sale: $564
970,John Geiger 002 Chella,Avg Sale: $564
971,OFF-WHITE Odsy-1000 Green FW19,Avg Sale: $564
972,Balenciaga Track Black Red (W),Avg Sale: $563
973,Balenciaga Triple S White Black Crimson,Avg Sale: $563
974,Dior B24 White,Avg Sale: $563
975,Balenciaga Speed Trainer Electric Blue,Avg Sale: $563
976,Balenciaga Triple S Blue Grey (W),Avg Sale: $562
977,Jordan 1 Retro High Dark Mocha,Avg Sale: $561
978,adidas NMD R1 Bape Olive Camo,Avg Sale: $561
979,Balenciaga Speed Lurex Knit Metallic Grey (W),Avg Sale: $561
980,Balenciaga Speed Sneaker Black White Sole (W),Avg Sale: $561
981,Balenciaga Speed Trainer Dark Navy,Avg Sale: $561
982,Gucci Rhyton Apple (W),Avg Sale: $561
983,Louis Vuitton Hugh Slipper Supreme Red,Avg Sale: $561
984,Versace Amico Trainer Low x Kith Black,Avg Sale: $561
985,Nike Mars Yard Overshoe Tom Sachs,Avg Sale: $560
986,Gucci Ace GG High Top Black,Avg Sale: $560
987,Balenciaga Speed Trainer Nior,Avg Sale: $560
988,Balenciaga Track Pink Blue (W),Avg Sale: $560
989,Balenciaga Triple S Neon Pink (W),Avg Sale: $560
990,Nike Kobe 4 Chaos Joker,Avg Sale: $560
991,OFF-WHITE Odsy-1000 Blue Red FW19,Avg Sale: $559
992,Balenciaga Triple S Split White Light Grey Yellow,Avg Sale: $559
993,Rhude Rhecess High White Black,Avg Sale: $559
994,Balenciaga Speed Graffiti Trainers White Black Logo (W),Avg Sale: $557
995,Nike Dunk SB Low Skate or Die,Avg Sale: $557
996,Balenciaga Speed Trainer Black Red,Avg Sale: $557
997,OFF-WHITE Odsy-1000 Black SS20,Avg Sale: $556
998,Nike Dunk Low Haze,Avg Sale: $556
999,New Balance 990v3 Todd Snyder Pale Ale,Avg Sale: $556
