,brand,model,price
0,Nike ,Dunk SB Low ,"34,489"
1,Nike ,MAG Back to the Future ,"26,746"
2,Jordan ,4 Retro Eminem ,"23,726"
3,Jordan ,4 Retro Eminem Encore ,"15,530"
4,Jordan ,4 Retro Travis Scott Purple Friends and ,"14,344"
5,Jordan ,4 Retro UNDFTD 2018 ,"13,805"
6,Nike ,Dunk SB Low Yellow ,"13,082"
7,Jordan ,Kobe PE Pack ,"10,919"
8,Nike ,Dunk SB Low Freddy ,"10,498"
9,Nike ,Air VaporMax 2019 Cactus Plant Flea Market  ,"10,353"
10,Jordan ,1 Retro High ,"10,339"
11,Nike ,MAG Back to the Future ,"9,693"
12,Jordan ,1 Retro Legends of Summer Red ,"8,628"
13,Jordan ,5 Retro Tokyo T23 ,"8,628"
14,Jordan ,4 Retro Eminem ,"8,354"
15,Jordan ,3 Retro DJ Khaled Father of ,"7,897"
16,Jordan ,1 Retro Low ,"7,859"
17,Jordan ,4 Retro ,"7,765"
18,Nike ,Air Force 1 Low ,"7,334"
19,Nike ,Air Yeezy 2 Red ,"7,095"
20,Nike ,SB Dunk Low ,"7,045"
21,Jordan ,4 Retro UNC ,"6,767"
22,Jordan ,1 Retro Fragment Friends and ,"6,661"
23,Nike ,SB Dunk Low ,"6,211"
24,Nike ,Air Force 1 Low 1World ,"6,193"
25,Louis Vuitton ,Dons Kanye ,"6,153"
26,Jordan ,1 Retro Legends Of Summer ,"6,040"
27,Nike ,Air Force 1 Low x Eminem Shady  ,"6,040"
28,adidas ,Human Race NMD Pharrell x ,"5,826"
29,Nike ,SB Dunk Low Reese Forbes ,"5,815"
30,Jordan ,1 Retro Dave White Wings For the Future ,"5,684"
31,Jordan ,1 Retro High colette ,"5,619"
32,Nike ,Dunk SB Low What the ,"5,591"
33,Jordan ,3 Retro Tinker Oregon Ducks ,"5,421"
34,Jordan ,3 Retro DJ Khaled Another ,"5,306"
35,Jordan ,1 OG Chicago ,"5,303"
36,Jordan ,4 Retro Oregon ,"5,190"
37,Jordan ,4 Retro Florida Gators ,"5,177"
38,Jordan ,5 Retro Quai 54 Friends and ,"5,177"
39,Jordan ,3 Retro Solefly ,"5,177"
40,Nike ,SB Dunk High 420 Reverse Skunk Special ,"5,067"
41,Nike ,Air Force 1 Low 1WORLD CLOT Special ,"4,961"
42,Nike ,Dunk SB Low Michael Lau Gardener ,"4,833"
43,Jordan ,2 Retro Legends Of ,"4,810"
44,Louis Vuitton ,Jaspers Kanye Patchwork ,"4,746"
45,Jordan ,1 Retro High Oklahoma Sooners ,"4,702"
46,Jordan ,5 Retro Trophy Room University Red ,"4,644"
47,Jordan ,1 Retro Legends of Summer ,"4,574"
48,Jordan ,4 Retro Georgetown ,"4,562"
49,Nike ,Air Yeezy 2 Solar ,"4,497"
50,Jordan ,5 Retro Oregon ,"4,386"
51,Nike ,Dunk SB Low Red Lobster Special ,"4,216"
52,Nike ,Air Force 1 07 Virgil x MoMA With ,"4,176"
53,Nike ,SB Dunk Low Girls t Cry ,"4,163"
54,A Bathing Ape,Ape Bapesta Kanye West College ,"4,116"
55,NikeCraft ,Mars Yard Shoe 0 Tom Sachs Space ,"4,110"
56,Jordan ,1 Retro High OG Legends Of Summer Black 3M ,"3,979"
57,Nike ,SB Dunk High Reverse Skunk 420 Regular ,"3,951"
58,Jordan ,1 Retro Just Don BHM ,"3,949"
59,Nike ,Air Foamposite One ,"3,909"
60,Nike ,Air Force 1 Low CLOT Spider ,"3,883"
61,Nike ,Kobe 1 81 Points ,"3,883"
62,Nike ,Air Yeezy 2 Pure ,"3,820"
63,Nike ,Kobe 1 Protro Undefeated Flight ,"3,790"
64,Jordan ,13 Retro Oregon Ducks ,"3,768"
65,Jordan ,1 Retro High Michigan ,"3,710"
66,Jordan ,5 Retro Fab Five ,"3,710"
67,Nike ,Kobe 1 Protro Undefeated Purple ,"3,652"
68,Jordan ,1 Retro High Rust ,"3,648"
69,Nike ,Air Force 1 Low VLONE ,"3,646"
70,Nike ,Kobe 9 Elite Premium Low HTM Milan Black Multi-,"3,628"
71,Jordan ,4 Retro Oklahoma Sooners ,"3,618"
72,Jordan ,1 Retro High ,"3,615"
73,Jordan ,4 Retro Marquette ,"3,585"
74,Jordan ,3 Retro Oregon Ducks Pit Crew ,"3,581"
75,Nike ,Air Foamposite One ,"3,569"
76,Nike ,Dunk SB Low Supreme Black Cement ,"3,551"
77,Nike ,Air Force 1 High Vlone Paris Fashion ,"3,542"
78,Jordan ,4 Retro Michigan ,"3,466"
79,NikeCraft ,Mars Yard Shoe 0 Tom Sachs Space ,"3,456"
80,Nike ,Air Force 1 Low Ueno Sakura ,"3,451"
81,Nike ,Air Max 1 Powerwall ,"3,451"
82,Nike ,LeBron 9 What the ,"3,451"
83,Jordan ,1 Retro High Off-White ,"3,410"
84,Nike ,Dunk High Pro SB Supreme Blue ,"3,399"
85,adidas ,NMD R1 Pharrell HU Friends and Family ,"3,357"
86,Nike ,Air Force 1 Low Entourage ,"3,357"
87,Nike ,Air Force 1 Low Virgil Abloh Off-White ,"3,292"
88,Jordan ,1 Retro Just Don ,"3,279"
89,Jordan ,1 Retro High SoleFly Art Basel ,"3,234"
90,adidas ,Pharrell NMD HU China Pack Happy  Friends and ,"3,196"
91,Nike ,Air Max 1 Parra Patta ,"3,182"
92,Jordan ,6 Retro Oregon ,"3,171"
93,Nike ,Air Force 1 Low SBTG x Staple Pigeon ,"3,063"
94,Nike ,SB Dunk High Supreme ,"3,055"
95,Nike ,Air Max 1 AMS Parra ,"3,054"
96,Nike ,Air Yeezy 1 ,"3,050"
97,Nike ,Dunk High Pro SB Supreme Red ,"3,033"
98,Nike ,Air Max 90 Dizzee Rascal Tongue N ,"3,020"
99,Nike ,Air Force 1 Low Supreme O Michael ,"2,969"
100,adidas ,Ultra Boost Uncaged Parley For the ,"2,891"
101,Nike ,SB Dunk Low 7 ,"2,859"
102,Jordan ,5 Retro Fresh Prince ,"2,850"
103,Jordan ,2 Retro Eminem The Way I ,"2,791"
104,Jordan ,3 Retro UNC ,"2,779"
105,Nike ,Dunk SB Low Medicom ,"2,775"
106,Jordan ,1 Retro High TedX PDX Perfect ,"2,740"
107,Jordan ,1 Retro High OG Spike Lee Fort ,"2,733"
108,Jordan ,1 Retro ,"2,731"
109,Jordan ,3 Retro Oregon Ducks Pit Crew ,"2,691"
110,Jordan ,1 Retro High Satin Banned Promo ,"2,679"
111,Nike ,SB Dunk Low Grateful Dead Bears ,"2,667"
112,Nike ,Air Force 1 Low 1World ,"2,663"
113,Jordan ,1 Retro High Off-White ,"2,658"
114,Nike ,Air Force 1 07 Virgil x MoMA No ,"2,640"
115,Jordan ,4 Retro Travis Scott Cactus Jack ,"2,634"
116,Nike ,Air Max 90 ,"2,611"
117,Nike ,Kobe 9 Elite Premium Low HTM Milan White Multi-,"2,610"
118,adidas ,NMD Hu Pharrell Respira ,"2,592"
119,Nike ,LeBron 4 Fruity ,"2,589"
120,Jordan ,4 Retro ,"2,589"
121,Nike ,Air Force 1 High Vlone Black University ,"2,584"
122,Nike ,LeBron 8 James Dean ,"2,546"
123,Nike ,SB Dunk Low Ben  s Chunky Dunky F ,"2,522"
124,Nike ,Dunk SB Low ,"2,515"
125,Jordan ,1 Retro Satin ,"2,514"
126,Nike ,Kyrie 3 Ray ,"2,508"
127,Jordan ,14 Retro Oregon Ducks PE ,"2,464"
128,Nike ,Air Force 1 Low G-Dragon Peaceminusone Para-Noise Korea ,"2,442"
129,Nike ,SB Dunk Low Parra F ,"2,434"
130,Jordan ,1 Retro High Charlotte Hornets Foundation ,"2,383"
131,Nike ,SB Dunk Low Diamond Supply Co Canary Diamond Friends and ,"2,376"
132,Nike ,Dunk SB Low Supreme White Cement ,"2,359"
133,Jordan ,10 Retro SoleFly Friends and ,"2,331"
134,Jordan ,5 Retro Tokyo ,"2,295"
135,Louis Vuitton ,Trainers Orange ,"2,198"
136,Nike ,Air Yeezy 1 Zen ,"2,167"
137,Nike ,Air Max 1 ,"2,160"
138,Nike ,Cavs Court SPO - LeBron 1 Air Zoom Generation Retro First Game ,"2,157"
139,Nike ,SB Dunk High Iron ,"2,157"
140,Nike ,Kyrie 4 Concepts Yellow ,"2,143"
141,Nike ,Air Yeezy 2 John Geiger x LASCO Golden ,"2,094"
142,Nike ,Dunk Low Cowboy Sole ,"2,071"
143,Louis Vuitton ,Don Kanye ,"2,071"
144,Nike ,Air Yeezy 1 Net ,"2,046"
145,Jordan ,3 Retro Michigan ,"2,029"
146,Jordan ,5 Retro Michigan ,"1,985"
147,New Balance ,990v3 ,"1,942"
148,Jordan ,14 Retro Oregon Ducks PE ,"1,940"
149,Nike ,Air Foamposite Lite ASG ,"1,924"
150,Jordan ,7 Retro Oregon Ducks ,"1,920"
151,Nike ,SB Dunk Low Entourage ,"1,918"
152,Nike ,Air Force 1 Low ,"1,899"
153,Nike ,Dunk High Pro SB ,"1,890"
154,Louis Vuitton ,LV Trainer Sneaker Mid White ,"1,877"
155,Nike ,LeBron 15 Lifestyle Kith F ,"1,877"
156,Nike ,Kobe 6 FC Barcelona ,"1,870"
157,Chanel ,Sneakers Pharrell White Multi-,"1,842"
158,Dior ,B22 Blue ,"1,816"
159,Nike ,SB Blazer Supreme Red ,"1,811"
160,Nike ,Air Presto Off-,"1,810"
161,Nike ,Air Force 1 Low Mark Smith Cashmere ,"1,785"
162,Nike ,Air Max 1 B Atmos ,"1,769"
163,Nike ,SB Blazer Supreme Black ,"1,763"
164,adidas ,3D Runner ,"1,753"
165,Nike ,Dunk SB Low Diamond Supply  ,"1,735"
166,Nike ,Air Max 1 Parra 2018 Friends  ,"1,732"
167,Jordan ,1 Retro High Charlotte Hornets Foundation ,"1,728"
168,Nike ,Mercurial Superfly VI Elite CR7 FG Chapter 6 Special ,"1,726"
169,New Balance ,1500 ,"1,726"
170,Vans ,Chukka Boot LX Kaws The  ,"1,726"
171,Nike ,Dunk Low Emb ,"1,726"
172,Nike ,Kobe 9 Elite Premium Low HTM Milan ,"1,726"
173,Converse ,Chuck Taylor All Star 70s Hi Kith x Coca Cola Golden Dress Blues Friends and ,"1,726"
174,Nike ,Kobe  ,"1,725"
175,Nike ,Air Max 90 Kaws Black ,"1,712"
176,Jordan ,1 Retro High Think 16 Pass the ,"1,710"
177,Nike ,Air Force 1 Low Clot Rose Gold Silk Special ,"1,710"
178,Louis Vuitton ,LV Trainer Sneaker Boot High White ,"1,698"
179,adidas ,Y-3 Runner 4D Black ,"1,683"
180,Chanel ,Sneakers Pharrell White Multi-Color ,"1,681"
181,Nike ,Dunk SB Low Day of the ,"1,670"
182,Nike ,Air Force 1 High Vlone Black ,"1,654"
183,adidas ,Yeezy Boost 750 OG Light ,"1,649"
184,Nike ,Dunk SB Low Blue Lobster Special ,"1,635"
185,Chanel ,Low Top Trainer CC ,"1,631"
186,Nike ,Kyrie 3 ,"1,631"
187,Jordan ,4 Retro ,"1,622"
188,Jordan ,10 Retro PSNY ,"1,618"
189,Nike ,Air Force 1 Low Off-White MCA University ,"1,616"
190,adidas ,NMD HU Pharrell  ,"1,616"
191,Louis Vuitton ,Trainer Sneaker White ,"1,605"
192,Nike ,Air Force 1 Low Off-,"1,584"
193,Nike ,Dunk High Cowboy Sole ,"1,582"
194,Nike ,Dunk SB Low Stussy ,"1,581"
195,Dior ,B22 White ,"1,553"
196,Louis Vuitton ,Trainer High Top ,"1,553"
197,Nike ,LeBron 8 2 Low Miami ,"1,553"
198,Ice ,Cream Diamond and Dollar Made In Italy ,"1,553"
199,Nike ,Air Max 1 Patta 5th Anniv ,"1,553"
200,Jordan ,13 Retro Ray Allen ,"1,547"
201,Nike ,SB Dunk Low Travis Scott Special ,"1,547"
202,Nike ,LeBron X Celebration ,"1,545"
203,Chanel ,Low Top Trainer CC White Navy ,"1,532"
204,adidas ,Superstar Prada Without Bowling ,"1,532"
205,Nike ,SB Blazer Supreme White ,"1,532"
206,Jordan ,1 Retro Satin ,"1,522"
207,Diadora ,V7000 Afew the Cure Friends and ,"1,521"
208,Nike ,Air Force 1 Low Year of the Dog ,"1,517"
209,adidas ,Futurecraft 4D Invincible ,"1,516"
210,Nike ,Air Max 97 Sean Wotherspoon All Accessories and ,"1,515"
211,Louis Vuitton ,Trainer Black ,"1,514"
212,Jordan ,1 Retro High Off-White White ,"1,513"
213,Nike ,Air Force 1 Low CLOT x DSM ,"1,510"
214,Jordan ,1 Retro Banned ,"1,505"
215,Jordan ,4 Retro ,"1,503"
216,Jordan ,3 Retro Interscope Records Black ,"1,489"
217,Nike ,SB Dunk Low Grateful Dead Bears ,"1,471"
218,Jordan ,1 Retro XQ ,"1,465"
219,Nike ,Air Max 97 MSCHF x INRI Jesus ,"1,459"
220,Nike ,Dunk SB Low Supreme Red Cement ,"1,455"
221,Nike ,Zoom Vaporfly Elite Flyprint NYC Tokyo ,"1,454"
222,Nike ,LeBron X What the ,"1,444"
223,Jordan ,1 Retro Chicago ,"1,438"
224,Jordan ,1 Retro Black Metallic Gold ,"1,427"
225,Nike ,LeBron 7 Kentucky Away ,"1,424"
226,Dior ,B22 Silver ,"1,416"
227,Nike ,SB Dunk Low Ben  s Chunky ,"1,412"
228,Nike ,Air Force 1 High A-COLD-,"1,411"
229,Jordan ,12 Retro PSNY ,"1,407"
230,adidas ,Futurecraft 4D ,"1,404"
231,Nike ,LeBron 9 Low LeBronald ,"1,402"
232,Jordan ,New Beginnings Pack Retro High 1  Nike Air ,"1,396"
233,Nike ,SB Dunk Low Grateful Dead Bears Opti ,"1,392"
234,Chanel ,Low Top Trainer CC Dark ,"1,386"
235,adidas ,NMD R1 NYC Red ,"1,381"
236,Nike ,LeBron 15 Lifestyle KITH s ,"1,378"
237,Nike ,Air Force 1 Low A Ma Maniere ,"1,377"
238,Louis Vuitton ,Trainer Sneaker ,"1,361"
239,Nike ,Air Max 1 G ,"1,359"
240,Jordan ,1 TedX PDX ,"1,359"
241,Nike ,Air Max 1 Patta 5th Anniv ,"1,349"
242,Nike ,Kobe 8 Shanghai ,"1,346"
243,Jordan ,23 Titanium Numbered ,"1,346"
244,Jordan ,1 Retro High Not for  Varsity ,"1,345"
245,Nike ,Dunk SB High Skunk ,"1,339"
246,Jordan ,1 Retro High SoleFly Art Basel ,"1,334"
247,Louis Vuitton ,LV Trainer Sneaker Low Black ,"1,314"
248,Nike ,Air Woven ,"1,304"
249,Chanel ,Low Top Trainer Navy ,"1,302"
250,ASICS ,Gel-Lyte III Ronnie Fieg Salmon ,"1,295"
251,Louis Vuitton ,Luxembourg Sneaker White ,"1,295"
252,Nike ,LeBron 9 Low Reverse LeBronald ,"1,295"
253,Nike ,Dunk High fragment Design City Pack ,"1,295"
254,Li-,Ning Way of Wade Sting Wade All Star ,"1,295"
255,Jordan ,9 Retro Michigan ,"1,295"
256,Nike ,LeBron 16 Be True  ,"1,295"
257,Dior ,B22 Green ,"1,287"
258,Dior ,B23 Ripstop ,"1,283"
259,Versace ,Chain Reaction High x ,"1,278"
260,Jordan ,1 Retro High Off-White University ,"1,275"
261,Jordan ,4 Retro Quai ,"1,273"
262,Louis Vuitton ,LV Trainer Sneaker Boot High Black ,"1,258"
263,Dior ,B22 Blue ,"1,257"
264,Nike ,Air Max 90 OFF-,"1,254"
265,Chanel ,Low Top Trainer CC Suede ,"1,251"
266,Nike ,Dunk Low ,"1,251"
267,Chanel ,Low Top Trainer Brown ,"1,248"
268,Jordan ,3 Retro Quai54 2018 Friends  ,"1,248"
269,Nike ,Blazer Mid Off-,"1,240"
270,Nike ,Kobe 6 ,"1,239"
271,adidas ,Yeezy Boost 350 ,"1,239"
272,Chanel ,Low Top Trainer CC Triple Black ,"1,239"
273,Dior ,B22 Yellow ,"1,238"
274,Jordan ,3 Retro ,"1,235"
275,Jordan ,1 Mid Xbox E3 ,"1,234"
276,Jordan ,4 Retro ,"1,233"
277,Louis Vuitton ,LV Trainer Sneaker Low White ,"1,226"
278,B22 ,Blue ,"1,222"
279,Louis Vuitton ,Trainer Sneaker Denim ,"1,215"
280,Jordan ,5 Retro Paris Saint-Germain White ,"1,213"
281,Nike ,SB Dunk High Strawberry ,"1,212"
282,Nike ,Kobe 9 Elite Premium QS ,"1,211"
283,adidas ,NMD HU Pharrell Human Race ,"1,208"
284,Chanel ,Mesh Lycra Black ,"1,208"
285,Dior ,B22 White ,"1,206"
286,Louis Vuitton ,LVXLOL Arclight Trainer Black Blue ,"1,204"
287,adidas ,Super Ape Star ,"1,203"
288,Nike ,Dunk SB Low Red ,"1,200"
289,Jordan ,1 Retro Bred ,"1,199"
290,Louis Vuitton ,Archlight Trainer Metallic Silver ,"1,195"
291,Nike ,Air Foamposite One NRG ,"1,193"
292,Nike ,Dunk SB High ,"1,188"
293,Jordan ,5 Retro Trophy Room Ice ,"1,187"
294,Jordan ,4 Retro Off-White Sail ,"1,185"
295,Dior ,B22 Yellow ,"1,182"
296,Nike ,Zoom Vaporfly Elite Black Atmosphere ,"1,181"
297,Dior ,And Shawn B23 High Top Bee ,"1,174"
298,Jordan ,1 Retro High Travis ,"1,172"
299,adidas ,Ultra Boost Mid Ronnie Fieg Friends and Family ,"1,172"
300,Jordan ,2 Retro Just Don Arctic Orange Mens ,"1,172"
301,Dior ,B23 High Top ,"1,168"
302,Jordan ,1 Retro High Union Los Angeles Black ,"1,164"
303,Nike ,Air Huarache Oregon Duckrache ,"1,164"
304,Nike ,Dunk SB Low Blue ,"1,163"
305,Nike ,Air Force 1 Low Kith ,"1,152"
306,Nike ,Kyrie 5 Sneaker Room Mom ,"1,150"
307,Nike ,Air VaporMax Off-,"1,149"
308,Dior ,B23 High Top Daniel Arsham Light ,"1,138"
309,Louis Vuitton ,Archlight Trainer Yellow ,"1,132"
310,Dior ,B22 Pale Pink ,"1,131"
311,Dior ,B22 White ,"1,127"
312,ASICS ,Gel-Lyte III La MJC x ,"1,126"
313,Nike ,SB Dunk Low Orange ,"1,117"
314,Jordan ,1 Retro High Union Los Angeles Blue ,"1,113"
315,Dior ,B23 High Canvas Sorayama Robot ,"1,113"
316,Chanel ,Low Top Trainer CC Beige Wool ,"1,113"
317,Louis Vuitton ,Trainer Low Top ,"1,107"
318,Nike ,Air Max 90 Kaws White ,"1,102"
319,Nike ,Air Max 1 NL SP Clot Kiss of  ,"1,099"
320,Nike ,Kobe Aston Martin Pack ,"1,090"
321,Jordan ,1 Retro J2K High Multi-,"1,088"
322,Nike ,React Element 87 Sneakerroom Breast Cancer Awareness ,"1,088"
323,Converse ,Chuck Taylor All-Star Vulcanized Hi Off-,"1,084"
324,Dior ,And Shawn B23 High ,"1,079"
325,Louis Vuitton ,Arclight Trainer Rose Pop ,"1,079"
326,Nike ,Dunk High ,"1,075"
327,Nike ,Dunk Low Pro SB ,"1,073"
328,Nike ,Dunk SB High Papa ,"1,071"
329,Balenciaga ,Triple S Red Clear Sole ,"1,064"
330,Nike ,Air Max 90 Patta Homegrown ,"1,062"
331,Nike ,SB Dunk Low Verdy Girls t ,"1,062"
332,Nike ,Dunk SB Low Baby ,"1,062"
333,Chanel ,Low Top Trainer CC Triple ,"1,061"
334,Nike ,Air Force 1 Low 40 Club White ,"1,057"
335,Nike ,SB Dunk Low Green ,"1,054"
336,Nike ,Air Max 1 Animal ,"1,050"
337,Nike ,Air Max 97 Off-,"1,050"
338,Vans ,Era colette Cobra ,"1,042"
339,Dior ,B22 Reflective ,"1,037"
340,Louis Vuitton ,Archlight Trainer Monogram White ,"1,036"
341,Nike ,Air Foamposite Pro ,"1,036"
342,Louis Vuitton ,Sport Supreme White ,"1,031"
343,Jordan ,XXXIV Paris Friends and ,"1,030"
344,Nike ,Air Force 1 Low Patta Asia Tour ,"1,029"
345,Jordan ,1 Retro Satin  ,"1,027"
346,adidas ,Futurecraft 4D Daniel ,"1,027"
347,Nike ,Dunk High  ,"1,027"
348,Nike ,Kobe 1 Protro Undefeated Yellow Camo La ,"1,020"
349,Dior ,B23 High Canvas Sorayama Dinosaur ,"1,019"
350,Nike ,SB Blazer Milk ,"1,018"
351,Dior ,B22 ,"1,015"
352,Nike ,Dunk SB Low Purple ,"1,014"
353,Nike ,SB Dunk Low Travis Scott Regular ,"1,013"
354,Dior ,B23 High Top Gradient ,"1,006"
355,Nike ,Kobe 11 Elite Low Black Mamba Collection Fade to ,"1,006"
356,Nike ,Air Max 97 UNDFTD ,"1,003"
357,Jordan ,1 Retro High OG Quai54 ,998
358,Chanel ,Low Top Trainer CC ,993
359,Nike ,Air Foamposite One Supreme ,991
360,Louis Vuitton ,Archlight Trainer Rose Clair ,990
361,Nike ,Hyperdunk Marty ,987
362,Dior ,B22 Orange ,987
363,Louis Vuitton ,Archlight Trainer Monogram Black ,987
364,Jordan ,13 Retro Premio Bin ,987
365,Nike ,Dunk SB High Lucky ,985
366,Jordan ,1 Retro Shattered ,983
367,Dior ,B22 Blue Black ,983
368,Dior ,B23 High Top Multicolor ,982
369,Jordan ,7 Retro ,982
370,Yeezy ,Neoprene Slipper Season 7 ,981
371,Nike ,Air Foamposite One Dark Army ,981
372,Li-,Ning Way of Wade 2 All Star Black ,980
373,Nike ,Air Max 1 ,980
374,Nike ,Air Force 1 Low Travis Scott ,979
375,ASICS ,Gel-Burz 1 Kiko Kostadinov ,978
376,Dior ,B22 ,977
377,Nike ,Air Precision White-Cool ,977
378,Jordan ,x Max Atmos ,975
379,Nike ,Air Max 180 ,971
380,Nike ,Air Max 97 Off-White Elemental Rose Serena ,970
381,Dior ,Dior Oblique Knit ,970
382,Nike ,Kobe 1 Protro Devin Booker ,970
383,Nike ,Kyrie 4 ,968
384,Nike ,Blazer Mid Off-White Wolf Grey Serena ,962
385,Fear ,Of God Military Sneaker Army ,962
386,adidas ,Human Race NMD Pharrell x BBC Cotton ,962
387,Nike ,Dunk SB Low ,960
388,Nike ,Air Fear Of God 1 ,959
389,Dior ,B23 Low Top Alex Foxton ,958
390,Dior ,B23 Low Top Gradient ,958
391,Nike ,SB Dunk Low Panda Pigeon Special  ,957
392,adidas ,Yeezy Boost 350 V2 Synth ,956
393,Nike ,SB Dunk High Paul ,955
394,Nike ,Wing Tip Tom Sachs x Cole Hann Mission ,950
395,Jordan ,4 Retro Do the Right Thing ,950
396,Nike ,HyperAdapt 0 ,943
397,Balenciaga ,Triple S Neon Green Clear ,943
398,Dior ,B22 Blue ,943
399,Louis Vuitton ,Cosy Mule Monogram ,939
400,Dior ,B24 ,938
401,Jordan ,9 Retro Premio Bin ,936
402,adidas ,Yeezy Boost 350 V2 Core Black ,932
403,Balenciaga ,Track Trainer Pink ,932
404,adidas ,Yeezy Boost 750 Light Grey Glow In the ,930
405,Gucci ,Flashtrek SEGA Green Removable ,930
406,Balenciaga ,Track Trainer ,929
407,Dior ,B23 High Top Blue ,923
408,Jordan ,1 Retro High New ,919
409,Nike ,LeBron 15 Equality ,917
410,New Balance ,990 Madness ,917
411,Jordan ,1 Retro Doernbecher  ,915
412,Balenciaga ,Triple S Neon Green Clear Sole ,913
413,Nike ,LeBron 15 Performance KITH s ,913
414,Nike ,Air Max 97 Sean Wotherspoon Extra Lace Set ,912
415,Nike ,Air Force 1 Low Year Of The Dog ,911
416,Nike ,LeBron X Elite Peach ,909
417,Nike ,SB Dunk Low ,909
418,Nike ,Dunk Low Light Stone Mesa ,906
419,Nike ,Dunk SB Low Piet ,901
420,Dior ,B23 High Canvas Sorayama Dinosaur ,899
421,Nike ,Air More Uptempo Supreme  ,899
422,Nike ,SB Dunk Low StrangeLove Skateboards Special ,899
423,Sonra ,Proto ,899
424,Nike ,SB Dunk Low Richard ,897
425,Nike ,LeBron X Must Be the ,895
426,adidas ,FutureCraft 4D White Ash Green ,894
427,Dior ,B23 High Top Logo ,893
428,Dior ,B22 White ,889
429,Jordan ,1 Retro Golf Cleat ,887
430,Vans ,Era 95 Fear of ,884
431,Nike ,Air Force 1 High Supreme World Famous ,883
432,Chanel ,Low Top Trainer CC Coral ,883
433,Nike ,KD 4 ,882
434,Jordan ,1 Retro Chicago ,876
435,Nike ,Air Fear Of God 1 Light Bone Friends and ,871
436,adidas ,NMD Hu Pharrell NERD ,870
437,Dior ,B23 High Top Daniel Asham ,867
438,Jordan ,1 Retro High Spider Man Origin Story Special ,867
439,A Bathing Ape,Ape Bapesta DC Comics ,867
440,New Balance ,992 ,865
441,Jordan ,4 Retro Kaws ,865
442,Dior ,B23 Low Top ,864
443,Dior ,B23 High Top Alex Foxton ,863
444,Nike ,LeBron 15 Ohio State ,863
445,Nike ,Air Max 1 Grand ,863
446,Nike ,Kyrie 4 Wheaties Wheaties Box and ,863
447,Chanel ,Low Top Trainer CC Ivory Blue ,863
448,Nike ,Kyrie 3 Asia ,862
449,Li-,Ning Way of Wade 4 All Star ,862
450,Nike ,SB Blazer Low Salvator ,861
451,adidas ,Yeezy Boost 350 V2 Static Black ,859
452,Fear ,of God Ski Lounge Boot ,859
453,ASICS ,Gel-Kayano 5 Chemist ,858
454,Jordan ,23 ,854
455,Nike ,Kyrie 4 NBA ,847
456,Reebok ,SRS Sole Fury ,845
457,Balenciaga ,Speed Trainer  Porter Dark ,845
458,adidas ,Yeezy Boost 750 Triple ,844
459,Y3 ,Pureboost ZG Knit Core ,843
460,Dior ,B23 Low Top Logo ,839
461,Nike ,Kyrie 4 Concepts Green Lobster Special ,838
462,Nike ,Air Force 1 Low Crocodile Lux 25th ,836
463,Nike ,Kyrie 6 Invitational ,836
464,Nike ,Zoom Vaporfly Elite ,835
465,A Bathing Ape,Ape Bapesta Kaws Chompers ,833
466,Nike ,Dunk SB Low Slam ,831
467,Jordan ,8 Retro Quai54 2019 ,830
468,Dior ,CD1 ,830
469,Nike ,LeBron 15 Equality ,827
470,Jordan ,7 OG Raptors ,822
471,Nike ,React Hyperdunk 2017 Flyknit Off-,820
472,Dior ,B24 Oblique Cannage Motif ,820
473,Vans ,Sk8-Hi Supreme Public Enemy Black ,820
474,Nike ,Dunk SB Low Shanghai ,820
475,Louis Vuitton ,Archlight Trainer Black White ,820
476, ,Martens 1460 Remastered Yohji ,820
477,Nike ,Air Force 1 Low CLOT 1WORLD ,819
478,Nike ,Air Force 1 Low Off-White Black ,817
479,Balenciaga ,Triple S Red Clear ,817
480,Nike ,Dunk SB Low ,816
481,Nike ,SB Dunk Low Medicom ,812
482,Dior ,B23 Low Top Multicolor ,811
483,Louis Vuitton ,Run Away Supreme Red ,810
484,Dior ,B22 Pink ,808
485,Jordan ,9 Retro Oregon State ,807
486,Nike ,Zoom Victory Tour ,807
487,adidas ,Superstar Prada White ,806
488,Dior ,And Shawn B23 Slip On Logo ,804
489,RHUDE ,V1 Hi ,804
490,Nike ,LeBron 8 South Beach Pre-,802
491,Balenciaga ,Triple S Grey Red Blue ,800
492,Nike ,Air Force 1 Low Supreme Comme des Garcons ,797
493,Dior ,Dior Low Top White Canvas ,796
494,On ,The Roger Centre Court White ,794
495,Nike ,Air Max 97 Off-White ,792
496,Balenciaga ,Track Dark ,792
497,Dior ,B23 High Top ,792
498,Nike ,SB Dunk Low Reese Forbes ,787
499,Nike ,SB Dunk Low White Black Trail End ,784
500,adidas ,Yeezy Boost 350 Pirate Black ,783
501,Nike ,Air Foamposite One Supreme ,782
502,Balenciaga ,Triple S ,781
503,Nike ,Kyrie 4 Boston ,781
504,A Bathing Ape,Ape Bapesta Ghostbusters 25th Anniversary ,780
505,Nike ,Air Max 90 DQM ,780
506,Nike ,Dunk SB Low ,780
507,Nike ,Air Force 1 Low fragment design x ,778
508,Nike ,Air Force 1 Low Off-White ,777
509,Vans ,Era 95 DX Fear of God White ,774
510,Dior ,B23 Low Top Blue ,774
511,Balenciaga ,2 Beige Metallic ,774
512,Air ,Ship New ,774
513,Balenciaga ,Triple S White Suede ,773
514,Nike ,Dunk High ,772
515,adidas ,Yeezy Boost 350 V2 Black ,769
516,Balenciaga ,Triple S Black Yellow Fluo ,768
517,Nike ,SB Dunk Low Panda Pigeon Special ,768
518,Nike ,Air Max 1 Atmos x ,768
519,Nike ,Air Force 1 Low Travis Scott ,767
520,Balenciaga ,Triple S Silver Black ,767
521,Nike ,Air Max 97 Off-White ,767
522,Balenciaga ,Speed Trainer  Porter ,767
523,Balenciaga ,Triple S Allover Logo ,766
524,Balenciaga ,Triple S Silver Black 2019 ,766
525,Balenciaga ,Triple S Cream Yellow Red ,765
526,Louis Vuitton ,Run Away Black Monogram ,762
527,Nike ,Kyrie 3 Sneaker Room Mom ,762
528,Gucci ,Rhyton x ,762
529,Jordan ,Raging Bull Pack ,761
530,ASICS ,Gel-Lyte III Afew  Regular ,760
531,Dior ,Dior Embroider Cotton ,760
532,Dior ,B22 Black ,759
533,Jordan ,6 Retro Doernbecher 15th ,759
534,adidas ,Yeezy Boost 350 ,756
535,Dior ,B23 Low Top Flowers ,756
536,Nike ,Dunk High ,756
537,Prada ,Cloudbust Thunder Knit ,755
538,Nike ,Kobe 5 Prelude Finals ,753
539,Jordan ,23 ,751
540,Dior ,B23 High Top Red Blue ,749
541,Nike ,Air Fear of God Raid Air Raid ,747
542,Gucci ,Rhyton Beige ,746
543,Dior ,B25 Oblique Runner Sneaker Black ,746
544,Nike ,Kobe 1 Prelude 81 ,744
545,Nike ,SB Dunk Low Ben G Friends and ,742
546,Balenciaga ,Triple S White Clear Sole ,738
547,adidas ,NMD R1 Friends and Family Pitch ,738
548,Dior ,B23 High Canvas Safari ,736
549,adidas ,Yeezy Boost 350 Oxford ,736
550,Prada ,Cloudbust Thunder Knit ,736
551,Balenciaga ,Triple S Triple Black ,734
552,Nike ,Air Force 1 Low 1World ,734
553,Jordan ,7 Retro Premio Bin ,733
554,Balenciaga ,Triple S Clear Sole ,733
555,adidas ,Futurecraft 4D Ash ,732
556,adidas ,YZY QNTM BSKTBL Performance Basketball ,732
557,Jordan ,5 Retro ,732
558,Jordan ,6 Retro ,732
559,Nike ,Dunk SB Mid Mama ,731
560,Balenciaga ,Triple S Cream Yellow Red 2019 ,730
561,Nike ,Dunk High ,730
562,Nike ,SB Dunk High Thomas Campbell What the Dunk Special ,730
563,Jordan ,Defining Moments Pack ,729
564,Nike ,Dunk SB High Jason ,729
565,Versace ,Chain Reaction 2 Chainz ,727
566,Jordan ,XXXIV Brotherhood ,727
567,Nike ,LeBron 17 SVSM White ,727
568,Nike ,Air Presto Off-White Black ,726
569,adidas ,Yeezy Boost 350 Pirate Black ,726
570,Balenciaga ,Triple S Clearsole Fluo ,725
571,Diadora ,N9000 LimitEDition ,723
572,Reebok ,Alien Stomper ,722
573,Prada ,Cloudbust Black ,720
574,Louis Vuitton ,Run Away Supreme Black ,720
575,adidas ,Futurecraft 4D ,720
576,Nike ,Air Max 97 LX Swarovski Silver Bullet ,720
577,Dior ,B22 Yellow ,719
578,Balenciaga ,Track Trainer ,719
579,Dior ,B23 Low Top Canvas Oblique ,718
580,Balenciaga ,Track Trainers Purple ,717
581,Balenciaga ,Track Trainer Lime ,717
582,Nike ,SB Dunk Low Shanghai ,716
583,Nike ,Air Max 1 Atmos Elephant ,713
584,Nike ,Air Force 1 Low Lux ,713
585,Nike ,Kobe 7 Opening ,712
586,Rhude ,V2 Low Pastel ,712
587,Nike ,SB Dunk High Black Sheep Paid In Full Special ,712
588,Dior ,B23 Low Top Daniel Asham ,711
589,Dior ,B23 High Top Canvas Oblique ,711
590,Jordan ,2 Retro Premio Bin ,711
591,Gucci ,Off The Grid High Top Orange ,710
592,Gucci ,Rhyton Beige Ebony ,709
593,Nike ,Air Force 1 High Supreme World Famous ,709
594,Nike ,Air Max 90 Atmos Duck Hunter ,709
595,Nike ,Air Force 1 Low Closing Ceremonies ,708
596,Dior ,Dior Oblique Navy Canvas ,706
597,Nike ,Flyknit  Supreme ,705
598,Dior ,Dior Mid Oblique White ,705
599,Gucci ,Rhyton ,704
600,Balenciaga ,Triple S Clear Sole ,704
601,Dior ,B21 Neo ,703
602,adidas ,NMD HU Pharrell Human Species ,702
603,Nike ,Air Max 1 Susan Missing Link Friends and Family Special ,702
604,adidas ,NMD HU Pharrell Human Race ,700
605,Dior ,B23 Low Top Red Blue ,700
606,Nike ,Kobe 1 Protro DeMar ,700
607,Nike ,Zoom Fly Off-,699
608,Nike ,Air Force 1 Low Colette x Busy ,698
609,Balenciaga ,Triple S Pink ,698
610,adidas ,Yeezy Boost 350 V2 Lundmark ,696
611,adidas ,Yeezy Boost 750 Light Brown Gum ,696
612,Balenciaga ,Triple S Triple Black 2018  ,696
613,Balenciaga ,Triple S Neon Pink 2019 ,696
614,Gucci ,Flashtrek SEGA ,695
615,Nike ,Kobe 8 What the Kobe ,694
616,Balenciaga ,Speed Trainer Clearsole Yellow ,694
617,adidas ,Yeezy Boost 350 V2 Core Black ,693
618,Balenciaga ,Speed Graffiti Beige ,693
619,OFF-WHITE ,Odsy-1000 Pink ,693
620,adidas ,Futurecraft 4D Friends  ,692
621,Nike ,Air Fear Of God 1 ,692
622,Balenciaga ,Triple S Black Clear Sole ,692
623,A Bathing Ape,Ape Bapesta Marvel Comics Captain ,691
624,ASICS ,GT-II Ronnie Fieg Ultra ,691
625,adidas ,Yeezy Boost 950 Moonrock ,691
626,Nike ,LeBron 12 Sprite Mix Special ,691
627,Nike ,Air Force 1 Low Supreme Mad Hectic ,691
628,Jordan ,5 Retro Off-White ,690
629,Nike ,Dunk High Comme Des Garcons ,690
630,Nike ,Mercurial Superfly CR7 Cristiano Ronaldo Rare ,690
631,Louis Vuitton ,Archlight Trainer Terracotta ,690
632,Balenciaga ,Speed Trainer High Black ,690
633,Balenciaga ,Triple S Curry ,689
634,Vans ,Diamo Ni ,688
635,Jordan ,9 Retro Boot Florida Gators ,688
636,Dior ,D Connect White Neoprene ,688
637,Balenciaga ,Speed Lace Up Black White ,687
638,adidas ,Yeezy Boost 950 ,687
639,Dior ,B22 Black ,687
640,Dior ,CD1 Tye-,686
641,Nike ,Air Max 90 ,686
642,Nike ,Air Max 95 Mita Ueno ,686
643,Dior ,B24 Runtek White Black ,685
644,Balenciaga ,Triple S White Purple ,684
645,Balenciaga ,Triple S ,684
646,Balenciaga ,Triple S Allover Logo ,683
647,Nike ,Air Force 1 High Supreme World Famous ,682
648,Vans ,Old Skool JJJJOUND ,682
649,Nike ,Air Vapormax Off-White ,681
650,Balenciaga ,Triple S Silver Red ,681
651,Balenciaga ,Triple S Vanille ,681
652,Nike ,Air Max 90 Powerwall Black ,681
653,adidas ,Yeezy Boost 350 V2 ,680
654,Nike ,SB Dunk High ,680
655,Nike ,Dunk High Supreme TZ LAF ,680
656,Nike ,Dunk SB Low Medicom ,680
657,Balenciaga ,Triple S Black Logo ,680
658,Balenciaga ,Speed Lace Up Triple ,679
659,Nike ,Air Max 1 Atmos Safari ,679
660,ASICS ,Gel-Lyte III Hanon ,679
661,Balenciaga ,Triple S Triple Black 2018 Reissue Nondistressed ,679
662,adidas ,Ozweego 3 Raf Simons Black ,679
663,Nike ,Dunk Low Splatter ,679
664,Balenciaga ,2 Beige ,678
665,Dior ,B25 High Top ,674
666,Balenciaga ,Triple S Clear Sole ,673
667,Nike ,Dunk SB Low  ,673
668,Nike ,Dunk SB High Cheech  ,673
669,Nike ,Air VaporMax Off-White ,671
670,Nike ,Lunar Force 1 Low Acronym Bright ,671
671,Nike ,ISPA Road Warrior ,670
672,Versace ,Chain Reaction ,669
673,Balenciaga ,Triple S Beige Green Yellow 2018 ,667
674,Balenciaga ,Speed Trainer Beige ,667
675,Nike ,Air Force 2 Low ,667
676,Nike ,Blazer Mid Off-White All s ,666
677,Nike ,Air Max Lunar90 SP Moon ,666
678,Balenciaga ,Track Trainer Black ,665
679,Gucci ,Rhyton ,665
680,Balenciaga ,Track Trainer White ,664
681,Balenciaga ,2 White Fluo ,664
682,Nike ,Air Foamposite One Doernbecher 15th ,664
683,Balenciaga ,Track Black ,660
684,Nike ,Air Max 1 Atmos Elephant ,660
685,Balenciaga ,Triple S White  2018 ,660
686,Balenciaga ,Triple S ,659
687,Jordan ,4 Retro Travis Scott Cactus ,657
688,Balenciaga ,Triple S White 2019 ,657
689,Balenciaga ,Speed Recycled ,657
690,Versace ,Chain Reaction 2 Chainz ,655
691,Jordan ,1 Retro Low OG SP Travis ,654
692,Balenciaga ,Triple S ,654
693,Jordan ,1 Retro High Not for  Varsity ,654
694,Balenciaga ,Triple S Off-,654
695,Jordan ,XXXIV ,654
696,Balenciaga ,Speed Lace Up Black ,654
697,New Balance ,999 Concepts The ,654
698,Balenciaga ,Speed Trainer Black White Volt ,653
699,Nike ,Air Fear of God 1 String The ,651
700,Balenciaga ,Speed Trainer Lace Up ,651
701,Balenciaga ,Track Trainer Gold ,651
702,Dior ,B22 Pink ,651
703,Nike ,Air Max 1 SP CLOT Kiss of  Special  ,651
704,Nike ,Dunk SB High ,650
705,Jordan ,1 Retro High Aleali May Shadow ,650
706,Nike ,Dunk Pro Low Viotech ,650
707,Gucci ,Off The Grid High Top Black ,649
708,Sonra ,Proto ,649
709,Balenciaga ,2 Yellow ,648
710,Balenciaga ,Track Grey White ,648
711,Nike ,Dunk SB Low Rukus Crawfish Special ,648
712,Dior ,CD1 ,648
713,Nike ,Dunk SB Low ,648
714,Nike ,Dunk SB High Ferris ,648
715,Li-,Ning Way of Wade 7 All-Star ,648
716,ASICS ,Gel-Lyte III Ronnie Fieg ,648
717,Nike ,Air Force 1 Low s Exclusive ,648
718,Nike ,HTM Superfly Mercurial ,648
719,Nike ,Dunk Low Ugly Duckling ,648
720,Nike ,Kyrie 4 Fall ,648
721,Jordan ,9 Retro Oregon Ducks ,648
722,Nike ,All-Star Force Pack -,648
723,Nike ,Kobe 5 Aston Martin ,648
724,Balenciaga ,Triple S Black ,647
725,Gucci ,Rhyton ,647
726,Versace ,Chain Reaction Baroque ,646
727,New Balance ,992 Kith Spring ,646
728,Balenciaga ,Track Trainers Black Orange ,646
729,Balenciaga ,Triple S Clear Sole ,645
730,Balenciaga ,Triple S Black White Red 2018 ,645
731,Versace ,Chain Reaction 2 Chainz Leopard ,645
732,Balenciaga ,Triple S Burgundy ,644
733,Nike ,SB Dunk Low Concepts Purple Lobster Special ,642
734,Versace ,Chain Reaction Multi-Color Rubber ,642
735,Jordan ,6 Retro Travis ,642
736,Nike ,LeBron 16 King Court ,641
737,Nike ,Air Foamposite One Beijing Planet ,640
738,Nike ,Air Foamposite One Big ,640
739,Nike ,Dunk SB High MF ,639
740,Nike ,Cortez Platform Comme des Garcons Black ,639
741,Nike ,Kobe 4 Prelude Finals ,637
742,Balenciaga ,Speed Trainer Logo Print Black White ,637
743,Louis Vuitton ,Hugh Slipper Supreme ,637
744,Balenciaga ,Track ,636
745,Nike ,Air VaporMax 2019 Cactus Plant Flea Market ,636
746,Versace ,Chain Reaction Black Multi-Color Rubber ,636
747,Jordan ,1 Retro High 85 Varsity ,635
748,Balenciaga ,Triple S White Navy ,635
749,Balenciaga ,Triple S White ,635
750,Balenciaga ,Triple S Black White Red  2018 ,635
751,Nike ,Air Force 1 Low  Cartoon ,635
752,Balenciaga ,Track White ,635
753,Nike ,Kobe 6 FC Barcelona ,635
754,Balenciaga ,Speed Trainers Mid Black Light Pink ,634
755,Nike ,Air Force 1 Low Anti Social Social Club ComplexCon ,634
756,Balenciaga ,Triple S Clear Sole ,633
757,Nike ,Dunk SB High ,633
758,Dior ,Dior Low Top Black Canvas ,632
759,Nike ,SB Dunk High ,632
760,Nike ,Air Fear Of God 1 Light ,630
761,Nike ,Air Force 1 Low Year of the ,630
762,Balenciaga ,Triple S Clear Sole ,630
763,adidas ,NMD Hu Pharrell NERD ,629
764,Balenciaga ,Triple S Grey 2018 ,629
765,Balenciaga ,Triple S ,629
766,Gucci ,Rhyton Logo ,629
767,Jordan ,1 Retro High Aleali May ,629
768,Balenciaga ,Triple S Crystal Clear Sole ,628
769,Jordan ,8 Retro ,628
770,Jordan ,1 Retro High Homage To Home Chicago ,627
771,Balenciaga ,Triple S White Blue ,627
772,Balenciaga ,Triple S Triple Black 2018  Pre-,627
773,Nike ,Air Max 1 SP Clot Kiss of  ,626
774,Jordan ,23 Trophy Room ,626
775,Nike ,Dunk SB Low ,625
776,Nike ,Air Force 1 07 Olivia Kim Friends and  ,625
777,Jordan ,4 Retro s Denim Tag with s ,624
778,Balenciaga ,Triple S Pink White ,623
779,Nike ,Air Max 90 Unknwn Miami ,623
780,Nike ,Dunk SB Low Cali ,623
781,Balenciaga ,Speed Trainer Mid Black ,623
782,Balenciaga ,Triple S Grey Red Blue 2018 ,623
783,Balenciaga ,Triple S ,623
784,Fear ,Of God Military Sneaker ,623
785,Balenciaga ,Speed Beige ,621
786,Gucci ,Ace x Disney ,620
787,Gucci ,Ace x ,620
788,Nike ,Air Max 1 Golf Lawn Party ,620
789,Nike ,Dunk High ,620
790,Balenciaga ,Triple S Pink Teal ,619
791,Jordan ,5 Retro Premio ,619
792,Nike ,Kobe 5 Protro EYBL ,619
793,Balenciaga ,Triple S ,618
794,Takashi ,Murakami x Porter BS-06 ,618
795,adidas ,Yeezy Boost 950 Pirate ,617
796,adidas ,YZY QNTM Lifestyle ,616
797,Balenciaga ,Triple S White ,616
798,Converse ,Chuck Taylor All Star 70s Hi Kith x Coca Cola Hebrew Friends and ,616
799,Balenciaga ,Triple S White Red ,616
800,Nike ,Air Classic BW ,616
801,Balenciaga ,Triple S Grey Red ,616
802,Balenciaga ,2 Blue ,615
803,Gucci ,Rhyton Brick Red ,614
804,Balenciaga ,Track White Orange ,614
805,Nike ,Air Force 1 Low ,614
806,Balenciaga ,Speed Trainer Black White ,614
807,Balenciaga ,Speed Graffiti Trainers Black White Logo ,614
808,Nike ,SB Dunk Low Concepts Green Lobster Regular ,613
809,Nike ,Air Force 1 High Stash One Night ,613
810,ASICS ,Gel Saga Patta ,613
811,Gucci ,Ace Embroidered ,613
812,Balenciaga ,Track ,611
813,Jordan ,1 Retro High Satin Shattered Backboard ,611
814,Nike ,Dunk SB High Concepts Ugly Christmas  Grey Special ,611
815,Balenciaga ,Speed Trainer Black ,610
816,Nike ,PG 1 2K ,610
817,Nike ,Air Presto Off-White White ,610
818,Nike ,Blazer Mid Off-White Grim ,610
819,Jordan ,1 Retro Reverse Shattered ,610
820,Reebok ,Instapump Fury Vetements ,610
821,Jordan ,11 OG Columbia ,609
822,Nike ,Kobe 6 Prelude All Star ,609
823,Balenciaga ,Track Sandal ,608
824,Nike ,Kobe 5 Big Stage ,608
825,Nike ,Kobe 5 Bruce ,607
826,Jordan ,4 Retro Black ,606
827,adidas ,4D ,606
828,Nike ,LeBron 17 SVSM Green ,606
829,Balenciaga ,Speed Recycled ,605
830,Balenciaga ,Track Sandal Rose Bubble Gum ,605
831,Balenciaga ,Triple S White 2018 ,605
832,Off-,White Odsy-1000 ,604
833,Balenciaga ,Speed Graffiti Trainers ,604
834,Balenciaga ,Triple S ,604
835,Gucci ,Ace Studded Pearl ,604
836,Jordan ,9 Retro Boot Michigan ,604
837,Versace ,Chain Reaction Concepts JLO 2000 Special  ,604
838,adidas ,Ultra Boost 0 Arizona ,604
839,adidas ,Yeezy Boost 350 V2 Static ,604
840,Jordan ,5 Retro Supreme ,604
841,Nike ,CJ81 Transformers Megatron Rises ,604
842,New Balance ,997S ,603
843,Nike ,HyperAdapt 0 White Pure Platinum ,603
844,Vans ,Bold Ni ,602
845,Jordan ,Defining Moments Pack One 60 ,601
846,Jordan ,2 Retro Doernbecher ,600
847,Dior ,Dior Oblique Red Canvas ,600
848,Balenciaga ,Track White Grey ,599
849,Balenciaga ,Triple S Black Yellow ,599
850,Jordan ,12 Retro OVO ,599
851,Vans ,Era Primary Block Lapis Blue ,599
852,Versace ,Chain Reaction ,598
853,Nike ,HyperAdapt 0 Black 1st Release Pair Special ,598
854,Balenciaga ,Track Yellow Grey ,598
855,Balenciaga ,Triple S White Grey ,598
856,adidas ,Y-3 Runner 4D II ,597
857,Gucci ,Rhyton Vintage Logo ,597
858,Nike ,Dunk SB Low Pure ,597
859,AFEW ,x Diadora 9000 Highly Addictive ,596
860,Jordan ,5 Retro Alternate Bel-,596
861,Balenciaga ,Speed Trainer Black 2019 ,596
862,Jordan ,Countdown Pack ,596
863,Reebok ,SRS Sole Fury KANGHYUK DSM ,596
864,Fila ,Fendi High-Top Multi-Color ,596
865,Hender ,Scheme MIP-10 Jordan 4 ,595
866,Balenciaga ,Triple S Purple Yellow Blue ,595
867,Nike ,SB Dunk Low Raygun ,595
868,Gucci ,Rhyton Brick ,595
869,Nike ,Air Foamposite One ,594
870,Dior ,B23 High Top Grey ,594
871,Nike ,Air Max 1 Cork NYC SOHO ,594
872,Jordan ,4 Retro s Denim Blank ,593
873,Gucci ,Flashtrek SEGA Blue ,592
874,Balenciaga ,2 White ,592
875,Nike ,Air Presto Acronym ,591
876,Balenciaga ,Triple S White Black ,591
877,Nike ,LeBron 4 SVSM Away ,591
878,Balenciaga ,Speed Trainer Black Red 2019 ,591
879,Balenciaga ,Speed Trainer Black White ,591
880,Nike ,Air Max 90 maharishi maha ,591
881,Balenciaga ,Triple S Red Black Pre-,590
882,Versace ,Chain Reaction ,590
883,Nike ,Kyrie 5 Sneaker Room Mom ,590
884,Balenciaga ,Speed Lace Up ,589
885,Nike ,Dunk SB Low ,589
886,A Bathing Ape,Ape Bapesta Marvel Comics Spider ,588
887,adidas ,NMD R1 Nice ,588
888,Balenciaga ,Track Purple White ,587
889,Balenciaga ,Speed Lace Up Triple ,587
890,Balenciaga ,Speed Trainer Black ,586
891,Balenciaga ,Speed Trainer White Black 2019 ,586
892,Balenciaga ,Track 2 ,586
893,Louis Vuitton ,Waterfront Mule Monogram ,586
894,Balenciaga ,Triple S White ,586
895,Nike ,KD 4 ,586
896,Jordan ,1 Retro Bred ,585
897,Nike ,SB Dunk Low Concepts Green Lobster Special ,585
898,Balenciaga ,Track Orange Blue ,585
899,Balenciaga ,Speed Trainer ,585
900,Balenciaga ,2 Blue Grey ,585
901,Balenciaga ,Triple S Black White ,584
902,adidas ,Yeezy Boost 350 V2 Core Black ,583
903,Balenciaga ,Triple S Black ,583
904,Nike ,Dunk High Premium DQM TZ Friends and ,583
905,adidas ,Ultra Boost 0 ,583
906,Crocs ,Dimitri Clog Post ,583
907,Jordan ,1 Retro High Satin Black Toe ,582
908,Saint Laurent ,Andy ,582
909,Dior ,B01 Daniel Arsham ,581
910,Balenciaga ,Triple S Red Black ,581
911,Nike ,Kobe 4 NBA Final MVP ,581
912,Balenciaga ,Speed Trainer Black ,580
913,Gucci ,Ace x Disney Ivory ,580
914,Nike ,SB Dunk Low Gino Iannucci ,580
915,Nike ,LeBron 7 PS MVP ,579
916,Versace ,Chain Reaction Fluo ,579
917,Jordan ,1 Retro s  No Pants and T-,579
918,Balenciaga ,Speed Trainer Black White 2019 ,579
919,Versace ,Chain Reaction Blue Mesh Rubber ,579
920,Nike ,Kobe 9 Elite Premium QS ,579
921,A Bathing Ape,Ape Bapesta Marvel Comics Human ,579
922,Balenciaga ,Track 2 Blue ,579
923,Nike ,LeBron 15 Performance Ronnie Fieg x SVSM ,579
924,Balenciaga ,Speed Trainer Logo Print Black ,578
925,Nike ,Lunar Flyknit Chukka HTM Snow Pack ,578
926,adidas ,Ozweego 2 Raf Simons Chalk ,578
927,Jordan ,4 Retro ,577
928,Balenciaga ,Triple S White Pink ,577
929,Nike ,Air Max 1 112 ,576
930,Nike ,SB Dunk Low Graph ,576
931,Nike ,Air Max 1 Atmos Tiger Camo x ,575
932,Nike ,SB Dunk Low Concepts Holy Grail Wooden ,574
933,Jordan ,12 Retro PSNY Bordeaux Friends  ,574
934,Nike ,Hyperdunk 2017 Low ,573
935,Versace ,Baroque Chain Reaction Bluette ,573
936,Balenciaga ,2 Pink Green ,573
937,Dior ,B24 Pale ,572
938,Balenciaga ,Track Trainers Pink Red ,572
939,Balenciaga ,Track ,572
940,Balenciaga ,Triple S Blue Orange ,572
941,Maison ,Margiela Fusion Distressed Black ,572
942,Nike ,Hyperdunk 08 Kobe Bryant ,572
943,Balenciaga ,Speed Trainer Green Black Sole ,572
944,adidas ,NMD HU Pharrell Human Being Sharp ,572
945,adidas ,Futurecraft 4D Onix Aero ,572
946,Nike ,Air Force 1 High Alyx White Black ,572
947,Nike ,Air Max 97 LX Swarovski Black ,571
948,adidas ,Yeezy Boost 350 V2 Antlia ,570
949,Balenciaga ,Triple S Split Black ,570
950,Versace ,Squalo Black ,570
951,adidas ,Yeezy Boost 350 V2 Core Black ,570
952,Nike ,Kyrie 4 Lucky Charms Special Cereal Box ,570
953,Balenciaga ,Speed Trainer ,570
954,Nike ,Kobe 6 Kay Yow Think ,570
955,Nike ,Kobe 7 What the ,570
956,Rhude ,V2 Low Primary ,570
957,Vans ,Authentic Supreme Black Checker ,569
958,Balenciaga ,Speed Trainer Black White ,568
959,Versace ,Chain Reaction 2 Chainz ,568
960,OFF-WHITE ,Odsy-1000 Black White ,567
961,Balenciaga ,Speed Trainer Cristal ,567
962,Balenciaga ,Speed Trainer Black White Neon 2019 ,567
963,Gucci ,Rhyton Vintage ,567
964,Balenciaga ,Speed Trainer Lace Up Black ,566
965,ASICS ,Gel-Lyte III Ronnie Fieg ,566
966,ASICS ,Gel-Lyte III Ronnie Fieg  Special ,565
967,Balenciaga ,Track Black Grey ,565
968,Jordan ,4 Retro Doernbecher ,565
969,Gucci ,Flashtrek SEGA Black ,564
970,John ,Geiger 002 ,564
971,OFF-WHITE ,Odsy-1000 Green ,564
972,Balenciaga ,Track Black Red ,563
973,Balenciaga ,Triple S White Black ,563
974,Dior ,B24 ,563
975,Balenciaga ,Speed Trainer Electric ,563
976,Balenciaga ,Triple S Blue Grey ,562
977,Jordan ,1 Retro High Dark ,561
978,adidas ,NMD R1 Bape Olive ,561
979,Balenciaga ,Speed Lurex Knit Metallic Grey ,561
980,Balenciaga ,Speed Sneaker Black White Sole ,561
981,Balenciaga ,Speed Trainer Dark ,561
982,Gucci ,Rhyton Apple ,561
983,Louis Vuitton ,Hugh Slipper Supreme ,561
984,Versace ,Amico Trainer Low x Kith ,561
985,Nike ,Mars Yard Overshoe Tom ,560
986,Gucci ,Ace GG High Top ,560
987,Balenciaga ,Speed Trainer ,560
988,Balenciaga ,Track Pink Blue ,560
989,Balenciaga ,Triple S Neon Pink ,560
990,Nike ,Kobe 4 Chaos ,560
991,OFF-WHITE ,Odsy-1000 Blue Red ,559
992,Balenciaga ,Triple S Split White Light Grey ,559
993,Rhude ,Rhecess High White ,559
994,Balenciaga ,Speed Graffiti Trainers White Black Logo ,557
995,Nike ,Dunk SB Low Skate or ,557
996,Balenciaga ,Speed Trainer Black ,557
997,OFF-WHITE ,Odsy-1000 Black ,556
998,Nike ,Dunk Low ,556
999,New Balance ,990v3 Todd Snyder Pale ,556
